"LB_NOM","CD_REF","mean_LA","mean_LDMC","mean_SLA"
"Acacia dealbata",79691,11380,58.4330698955382,14.304241421353
"Acer campestre",79734,3141.74058030303,33.5548016912242,16.5601884379624
"Acer negundo",79766,7231.22700054117,29.1204400886243,24.0875161470428
"Achillea erba-rotta",79887,79.3333333333333,23.3120173699613,15.5633866055732
"Achillea millefolium",79908,559.097625710195,23.6027563514626,16.8107393172548
"Achillea ptarmica",79921,215.975,18.5543007149937,24.3175903864057
"Aconitum anthora",80007,1689.9125,16.6987333333333,43.366875
"Aconitum lycoctonum",80034,10003.61875,16.03396,37.4231818181818
"Aconitum napellus",80037,5535.625,17.7181283714286,25.1539514742857
"Aconitum variegatum",80066,4588.03614178667,17.5491999207114,25.7792530335028
"Acorus calamus",80086,6101.3275,20.4436268219698,26.5286161906429
"Actaea spicata",80137,13145.4726153846,18.8050225704987,41.5322931030748
"Adonis vernalis",80240,800.99375,35.3167307692308,20.1257850082596
"Aegopodium podagraria",80322,12997.668,21.5510198212,28.8082876706941
"Aethusa cynapium",80358,3207.7575,18.463375,30.4934545454545
"Agrimonia eupatoria",80410,6346.28,35.0951252746154,17.4053093434444
"Agrimonia procera",80417,12416.05667,30.9912820515385,19.7032
"Agrostemma githago",80546,634.569596842105,24.1925975456424,15.4138627384549
"Ailanthus altissima",80824,31401.803737931,21.1148357197838,28.4851275957141
"Ajuga chamaepitys",80978,92.696785625,16.7255814528737,22.266522677488
"Ajuga genevensis",80980,373.066,14.537875,25.9704545454545
"Ajuga pyramidalis",80988,415.929131709091,23.2986818181818,14.3980304894927
"Ajuga reptans",80990,1253.1201525971,16.998705611135,23.5777532364835
"Alchemilla alpina",81033,335.2764865,33.229761355,13.6582228727027
"Alliaria petiolata",81295,4390.78548484848,15.5534237276168,51.1547573647261
"Allium schoenoprasum",81508,478.630309521429,16.6154244807924,9.77952933384491
"Allium ursinum",81541,5252.56658094444,8.65327050488213,48.8267546871257
"Allium victorialis",81543,6744.33333333333,15.5264863129412,25.269626404375
"Alnus alnobetula",81563,5223.01460099405,34.6601048232005,21.0398511777693
"Alnus glutinosa",81569,3528.91767172555,33.1067907141058,15.2682719726562
"Alnus incana",81570,1799.0244176488,29.7458595766102,17.7295873028659
"Althaea officinalis",81856,4633.69972222222,25.2030476190476,14.6386363636364
"Amaranthus retroflexus",82018,2595.2864516129,20.5146971153846,18.5068229172512
"Ambrosia artemisiifolia",82080,1360.43409107143,23.7767466920328,22.2820674778423
"Ammi majus",82130,3313.833333335,14.262020833125,34.443333333125
"Anchusa officinalis",82391,870.399038461538,11.3219545454545,14.7202968745589
"Anemone nemorosa",82637,2425.06148631579,21.2419441086085,31.6091733394932
"Anemone ranunculoides",82656,1424.13,18.4114642857143,36.65
"Angelica sylvestris",82738,51488.603114441,23.1864502173293,26.1558417665162
"Antennaria dioica",82796,54.9459216855203,24.0325157479847,18.1554783170308
"Anthoxanthum odoratum",82922,484.765013132686,27.7950889267618,26.4893588672832
"Anthriscus sylvestris",82952,2408.92305925926,20.4997374124775,20.7382005839636
"Anthyllis vulneraria",82999,492.824100634368,16.6879234950002,15.3834749523848
"Antirrhinum majus",83058,254.738,16.3333333333333,14.1406559043729
"Apium graveolens",83195,6432,16.4666666666667,18.2
"Aquilegia vulgaris",83267,7229.91,28.4335714285714,33.3449999144489
"Arbutus unedo",83481,5166.80286911024,38.6143919940725,8.61191806606478
"Arctium lappa",83499,25421.6975553488,19.529842714597,20.3817968433455
"Arctium minus",83502,45602.8958333333,16.7247945490509,25.1950618350821
"Arenaria serpyllifolia",83653,8.55110726392308,33.771827320941,18.9384691787095
"Argentina anserina",83714,3034.0619047619,33.0166448770378,21.4486748223694
"Aristolochia clematitis",83777,5414.47235294118,25.05544,33.5958333333333
"Armeria maritima",83832,153.403757575758,26.963,13.451324304161
"Armoracia rusticana",83866,67318.91666625,18.3142857142857,18.3827777775
"Arnica montana",83874,1678.85540333333,16.3107751539475,18.4159629006346
"Arrhenatherum elatius",83912,1094.99893244847,27.2017591428086,25.8463605822956
"Artemisia absinthium",83933,1714.26666666667,21.995,30.5099558960885
"Artemisia annua",83938,560.683015877778,21.1097130003523,31.850277489956
"Artemisia vulgaris",84061,2755.69784969192,23.6289159293465,25.5043909466969
"Arum maculatum",84112,8866.74074111111,11.7357142857143,33.17
"Aruncus dioicus",84135,55968.2893636364,19.6163367884022,54.3792836533376
"Arundo donax",84173,15469.50625,39.1462741294806,12.7403446013597
"Asarum europaeum",84230,3207.28341405896,16.3187191773302,28.8173833110735
"Asclepias syriaca",84251,7195.98120186581,19.9649320964157,15.526539695892
"Asparagus officinalis",84279,22.0603571428571,28.8717708333333,10.9009937930714
"Asperula cynanchica",84306,19.521055316092,32.7394140685966,15.933233638072
"Asperula tinctoria",84330,24.8121024691358,21.5128034911313,17.0583136873628
"Asphodelus albus",84338,7042.66666666667,17.5504,8.51
"Astrantia major",84936,9974.55944761905,16.9093240457311,35.8776005252169
"Ballota nigra",85502,585.769230769231,30.2408,20.4353333333333
"Barbarea vulgaris",761965,2457.338,15.7730526334947,28.4846311301547
"Bellis perennis",85740,836.254614841975,13.3285182798388,31.8835549594043
"Berberis vulgaris",85774,376.067762382436,34.0202194810717,17.3622422543168
"Beta vulgaris",85820,14662.5,16.4666666666667,20.3411658419418
"Betula pendula",85903,1414.98029504834,36.801146531509,16.4814621281553
"Betula pubescens",85904,1384.6473860925,30.6330291890783,21.9679123490793
"Bidens pilosa",85972,2886.65322580645,17.1994281642407,44.0130169413024
"Bistorta officinalis",86081,2194.95229306466,22.4194278461338,18.2932175147646
"Blackstonia perfoliata",86087,440.26625,21.855125,29.28032889711
"Blitum bonus-henricus",994837,3439.76739130435,17.9480887155775,27.6115831727115
"Borago officinalis",86156,2211.74346153846,14.162,18.8193287476961
"Briza media",86490,402.407921408025,29.9861547977583,21.6498784176125
"Buglossoides arvensis",86890,298.072806818182,27.5365392062127,17.9927894113523
"Bupleurum falcatum",87044,632.468042857143,28.3146192860495,17.605473394958
"Buxus sempervirens",87143,148.235095138889,40.8388250467352,8.39672257604557
"Calendula arvensis",87420,820.864,10.2244285714286,26.34281
"Calluna vulgaris",87501,1.70108115425387,39.7892857061337,13.2047334747822
"Caltha palustris",87540,8153.50829931973,14.1762995215772,29.177794290526
"Campanula patula",87690,476.534115646258,13.87038085,17.7984664912343
"Campanula rapunculus",87712,665.636929230769,16.0862893814262,37.9809370369425
"Campanula rotundifolia",87720,69.2701349281103,23.3041453276882,19.8997642498174
"Campanula trachelium",87742,2418.19386078431,15.7985246335981,41.0208950969707
"Cardamine pratensis",87964,673.166666666667,18.0278912942447,16.4781140671563
"Carlina acaulis",89147,2271.82435374091,20.2079909183153,11.8677325931952
"Carlina vulgaris",89180,601.745763888889,15.3775485315252,18.5959379716414
"Carpinus betulus",89200,2128.23982905983,25.6099,19.410691515076
"Carthamus lanatus",89232,283.304166666667,38.791,10.09441
"Carum carvi",89250,1254.93,26.2840001659322,17.7051469243604
"Castanea sativa",89304,7098.64983430799,36.2067889361249,13.3539709326925
"Celtis australis",89468,3440.59287606061,30.4900340365601,21.8097643021766
"Centaurea benedicta",89531,2451.51666666667,13.1976666666667,30.5633333333333
"Centaurea jacea",89619,1120.60986350677,20.9183653671613,18.9813371802665
"Centaurea nigra",89653,1699.06000652055,25.4889693671341,19.9345324688042
"Centaurium erythraea",89840,425.345871541667,22.2967367148428,26.259392507206
"Centranthus ruber",89888,2613.14944444444,13.7974285714286,20.7801875
"Cercis siliquastrum",90234,4888.50662,31.6920805587709,15.2762336314641
"Chelidonium majus",90669,5678.51895947368,20.3674239631768,40.4304555266982
"Chenopodium album",90681,358.287047019479,15.1559695979512,25.3028579911228
"Chenopodium vulvaria",90836,373.7632,17.8246568986642,33.8902430612591
"Chondrilla juncea",90954,282.0625,21.0313809521429,14.075433846
"Cichorium intybus",91169,3481.2958490566,18.6094720504109,20.0739153558491
"Cicuta virosa",91199,17122.41667,12.9945833335,21.2675
"Cirsium arvense",91289,2145.01223665368,17.4465468957993,17.4900724114856
"Cirsium spinosissimum",91410,6668.115491,12.0182749445557,8.0614840383683
"Cistus ladanifer",91680,404.75,40.525097499915,5.84628034399479
"Clematis recta",91880,5813.88340952381,20.9312350644319,27.0421598531464
"Clematis vitalba",91886,9084.32479478125,27.1607135875671,25.8294597157107
"Clinopodium nepeta",91910,133.5,29.8046091653846,22.5684582760535
"Clinopodium vulgare",91912,480.031733234375,26.6117724198162,23.6947767181886
"Cochlearia officinalis",92052,263.217142857143,14.2433333333333,16.166
"Colchicum autumnale",92127,4876.27285714286,15.62271875,28.5976923076923
"Conium maculatum",92237,30524.47,19.2483472225,24.1161904758333
"Convallaria majalis",92282,4796.91198333333,19.2314141440089,29.7513088579872
"Convolvulus arvensis",92302,835.790793965517,17.4099130970857,28.1281468664333
"Coriaria myrtifolia",92467,1173.096492,28.5994149990533,13.3366418643215
"Cornus mas",92497,1157.34644,27.2956775722488,26.6335427170836
"Cornus sanguinea",92501,2452.42683131313,34.0233598944896,17.0170387165964
"Corylus avellana",92606,3855.83669822146,39.7447113333441,15.7046358239719
"Cotinus coggygria",92631,2723.09320909091,42.0194684380034,16.2923049176461
"Crataegus laevigata",92864,1350.87375,34.7409,16.4672222222222
"Crataegus monogyna",92876,557.484329946498,40.9116945345344,13.7186825861494
"Crepis foetida",93045,638.538461538462,20.348895833125,19.332223651517
"Crepis vesicaria",93157,1503.06385726316,15.9914457671128,22.0510480873217
"Crithmum maritimum",93190,268,9.13333333333333,9.225
"Cruciata laevipes",93308,105.390648657381,25.6259150435805,25.9172717915914
"Cyanus montanus",93673,5495,17.6856,32.54461538
"Cyclamen purpurascens",93708,1861.27647,10.5014669123539,34.8060967542837
"Cynodon dactylon",93803,148.456975308642,33.9243711106096,20.4975637120739
"Cynoglossum officinale",93840,3907.76816093103,13.9855,16.788378736395
"Cyperus longus",93967,1240.1075,23.604125,22.3525
"Dactylis glomerata",94207,1639.03988906589,26.5963866013052,25.129890033366
"Dactylorhiza maculata",94266,1714.72380957143,11.891625,23.5519489356256
"Daphne gnidium",94427,138.197817253086,26.3905301008252,17.6167411811688
"Daphne laureola",94432,857.296976187597,22.4509005736136,16.8831320009598
"Daphne mezereum",94435,668.656872222222,22.495573814409,26.5727569071906
"Datura stramonium",94489,13515.9815625,13.45628125,21.9595188270819
"Daucus carota",94503,2579.77838581169,25.2748598482568,16.6968864253748
"Delphinium consolida",94572,178.61769,17.318148550352,19.0599140023186
"Deschampsia cespitosa",94626,285.186092972334,30.4234743847615,14.9814356792996
"Descurainia sophia",94645,322.025,18.7560394736842,19.5330305304348
"Dictamnus albus",94923,5992.45842105263,24.9395983314912,15.6121903597057
"Digitalis lutea",94945,3580.50935384615,19.7530372499167,20.5531570944476
"Digitalis purpurea",94959,15309.1996741111,19.6624554806614,24.0595190690909
"Dioscorea communis",611652,5777.8,15.0833333333333,29.9471428575
"Diplotaxis tenuifolia",95136,2296,11.22,22.448
"Dittrichia viscosa",95187,506.68,19.7655211583636,18.3075676166474
"Doronicum pardalianches",95239,8636.5,12.25,33.422
"Drosera intermedia",95438,23.78625,17.741,28.4211111111111
"Drosera rotundifolia",95442,61.455,13.7663928571429,40.9339644887594
"Dryas octopetala",95461,94.5441658038738,38.6675682896746,11.0681295095466
"Dysphania ambrosioides",611753,1143.75,16.9449,28.12
"Echium vulgare",95793,1078.93842121212,18.9288553536883,12.8474939636157
"Chamaenerion angustifolium",90483,1487.86434338222,22.3756748619442,17.9261545997051
"Epilobium hirsutum",96180,1609.23752981518,20.1350729281043,26.3799308087285
"Epilobium montanum",96208,2075.73818181818,22.9142857142857,27.9809711409354
"Epilobium palustre",96226,742.83988095,15.0576241580787,37.8021187128657
"Epilobium parviflorum",96229,1061.2,16.0071428571429,31.3609892730363
"Epilobium roseum",96251,569.5,15,48.29
"Epilobium tetragonum",96271,446.15,22.3588237395436,24.4182585443301
"Erica carnea",96664,4.55857897582609,32.9900235060914,9.7620992510391
"Erica cinerea",96667,2.59582258064516,39.6372931568345,10.9204616285125
"Erica scoparia",96691,6.89470757575758,52.1658259379489,6.38400724112031
"Erigeron acris",611688,334.333333333333,19.23333333,18.3172380952143
"Erigeron canadensis",96749,417.551507933333,27.5111097954742,13.2045744675
"Erodium cicutarium",96895,504.851355,19.8594295671218,29.259888141652
"Eryngium campestre",97141,15924.2454774375,22.9253710785714,8.6556578367539
"Euonymus europaeus",609982,1336.47642274906,32.2939683781637,15.6508064903842
"Eupatorium cannabinum",97434,3856.44203897793,20.9592593310142,24.7540395042726
"Euphorbia amygdaloides",97452,462.566083333333,24.2177064961746,37.1777081187601
"Euphorbia cyparissias",97490,183.69386162963,32.2003247803525,21.1703817244345
"Euphorbia helioscopia",97537,479.566323888889,17.6471135942032,36.4045018949401
"Euphorbia lathyris",97556,1533.67454545455,17.1910555558333,23.65575
"Euphorbia palustris",97601,619.0425,32.2991666666667,20.41
"Euphrasia nemorosa",97776,40.775,26.0231666666667,28.1561870289272
"Euphrasia officinalis",97781,35.9264206116279,20.1264264256655,13.3182497474587
"Fagus sylvatica",97947,1979.41895826637,42.1223451721584,27.5064627853027
"Ficaria verna",98651,1034.2391230303,11.8838792062658,35.5579460582305
"Ficus carica",98653,17328.1218571429,27.6208735012037,11.5184507387931
"Filipendula ulmaria",98717,14653.717372986,34.5481224867486,23.8421143151814
"Filipendula vulgaris",98718,1265.24315103118,25.7617223949195,19.6978701304286
"Foeniculum vulgare",98756,8399.96,23.405,7.99490489138487
"Fragaria vesca",98865,2403.81371737857,28.8416819281657,27.7059142838947
"Frangula alnus",98887,2075.96457122507,32.2525595800569,28.4126727374379
"Fraxinus angustifolia",98910,6445.989475,34.2335667956067,15.1412770496865
"Fraxinus excelsior",98921,14944.8016790034,34.2218475529435,13.273296927251
"Fraxinus ornus",98933,12155.12725,38.9917428053589,14.8913098857468
"Fritillaria meleagris",98977,634.472,16.0716,19.695625
"Fumaria officinalis",99108,716.1474375,16.7083652093993,34.7504355445901
"Galanthus nivalis",99233,862.066129032258,16.399807993344,20.359656573809
"Galatella linosyris",99244,68.718484375,28.2257629813432,11.6500946951595
"Galatella sedifolia",610594,186.471,24.2895,23.6245
"Galega officinalis",99260,1321.92666666667,23.7629285714286,12.929
"Galeopsis ladanum",99305,444.145694444444,23.8611064816667,19.1164705882353
"Galeopsis segetum",99329,1549.78894736842,16.8038367008942,34.2242726763976
"Galeopsis tetrahit",99334,1051.05118557021,16.4683829591649,40.7237040107793
"Galinsoga parviflora",99358,675.013688888889,19.5116160846644,58.7497490572715
"Galium album",99366,35.4,23.1450782863135,23.8098461538462
"Galium aparine",99373,1398.16986867724,17.3317331931133,39.1099686983438
"Galium mollugo",99473,295.411647304659,24.0513876216162,24.2243597022714
"Galium odoratum",99488,165.171583923329,16.4528115042274,46.7923896760764
"Galium palustre",99494,81.1448421052632,22.6124059729399,33.1203974013585
"Galium verum",99582,269.035201006683,29.389254587663,19.4608217421701
"Genista anglica",99721,14.3482903938167,34.8045555555556,14.7109193421569
"Genista cinerea",99735,70.032118226601,30.8377261203353,8.33411350966791
"Genista scorpius",99815,265.524049382716,31.0351253261575,1.91415531965872
"Genista tinctoria",99828,197.246866668,29.2061538461538,18.0284499606733
"Gentiana acaulis",99854,294.85467647931,26.1912258999937,10.7174794800081
"Gentiana cruciata",99881,1249.11,28.875,14.3975
"Gentiana lutea",99903,21891.8964285714,19.7831274511765,14.6895454545455
"Gentiana pneumonanthe",99922,107.25,22.7485,16.5391666666667
"Gentiana purpurea",99929,2567.56666666667,22.5374240172264,16.3050331904881
"Gentiana verna",99953,47.2899087897458,24.3777748391445,7.26091744217414
"Geranium robertianum",100142,1355.35051847083,14.8701772930504,44.5387013907401
"Geranium rotundifolium",100144,656.7,24.2790902381818,27.3282223011709
"Geranium sanguineum",100149,1286.23285714286,28.2044708630952,33.8650065675669
"Geum montanum",100208,681.584358125,28.3473300176666,8.8005583792693
"Geum rivale",100215,6928.29046896278,26.1703086528257,22.4924978147566
"Geum urbanum",100225,4821.08682608696,26.5802405833931,31.1270187387769
"Glechoma hederacea",100310,661.436444518991,17.7703879147945,27.7516989204175
"Globularia alypum",100335,69.7389795918367,36.8319365372064,6.62338548695121
"Gratiola officinalis",100576,160.1875,18.6888333333333,28.268
"Gymnadenia nigra",100613,207.506833333333,16.0824420897619,19.6773884524174
"Hedera helix",100787,1978.89237786733,31.5227965801943,14.6471429828279
"Helianthemum nummularium",100956,110.833370991242,17.9583289451685,15.8981457469006
"Helichrysum italicum",101080,23.165415466962,23.2830226843171,8.56461940294267
"Helichrysum stoechas",101101,55.3013281336144,28.4866586845053,12.1157334489548
"Helleborus foetidus",101188,8718.083333,17.1670384615385,14.480584294563
"Helleborus viridis",101202,27262,23.5,11.21
"Heracleum sphondylium",101300,40695.6034444445,21.5743982349725,21.0412616701308
"Herniaria glabra",101411,9.484375,19.11475,16.770206254328
"Herniaria hirsuta",101412,15.9402272727273,22.1794285714286,27.7776961887436
"Hesperis matronalis",101460,1267.33657894737,13.4843541666667,35.5715564664028
"Hieracium murorum",102235,1475.72984822889,14.7238386652895,30.7173415035862
"Hieracium umbellatum",102671,592.87088083372,17.915529420334,21.7962163949957
"Hippophae rhamnoides",102863,480.238860168008,30.3823111500896,12.2552194793842
"Humulus lupulus",103031,6311.9366665,27.0507282036101,25.0401901600563
"Hylotelephium telephium",103162,1091.9625,6.32284615384615,19.9365995862535
"Hyoscyamus niger",103185,12213.11375,11.7993333333333,41.6784922314679
"Hypericum perforatum",103316,102.399300291675,31.8209886645981,22.6703758090221
"Hypericum pulchrum",103320,80,30.25,18.158
"Hypericum tetrapterum",103329,249.4125,19.815,34.7767810778138
"Hypochaeris radicata",103375,1530.94697416378,12.3371785554206,24.4004839707189
"Hyssopus officinalis",103406,166.375,19.553125,21.385
"Ilex aquifolium",103514,1696.92522387097,35.2309646045132,6.95751941725608
"Imperatoria ostruthium",103578,13912.6333333333,25.4838133983076,22.1332758900477
"Inula helenium",103627,11985.8634920635,25.9152351168159,13.7751746689313
"Iris pseudacorus",103772,23168.1869192701,24.3965321216197,14.9988784698992
"Isatis tinctoria",103817,1403.50703125,20.3441928571429,18.0016253761011
"Jacobaea alpina",610648,5494.45,18.3007057717886,20.2387008375363
"Jacobaea incana",610642,199.129,20.4437538342451,11.3945979581537
"Jacobaea maritima",610643,647.833333333333,22,8.96666131488756
"Jacobaea vulgaris",610646,2826.47821425595,13.5262254751639,26.1584339992735
"Juncus effusus",104173,2314.80303473739,29.9607569456686,8.35333126813389
"Kickxia elatine",104502,163.897166666667,17.175,40.3
"Knautia arvensis",104516,2600.9927855283,16.01042500866,18.1812582462276
"Lactuca perennis",104764,2445.89,13.93325,25.2037302319206
"Lactuca serriola",104775,1933.01922130667,18.5068840902005,19.9419554305624
"Lactuca virosa",104787,6944.38375,17.5986277777778,22.8759078513636
"Lamium album",104854,1570.08655391304,18.1421903865877,34.7286740666291
"Lamium amplexicaule",104855,118.955012727273,14.4543031821367,31.26830604178
"Lamium galeobdolon",104876,2233.00956190476,22.8151005211208,31.0754157416147
"Lamium maculatum",104889,1190.87824581481,19.5974532493312,38.1872884752988
"Lamium purpureum",104903,422.10620234375,14.2221440010169,37.4457969151857
"Lapsana communis",105017,3790.60225013636,15.3096141149528,44.4940516149337
"Laurus nobilis",105295,1929.01484349817,42.7136961394072,10.0530887290518
"Lavandula angustifolia",105297,57.4784013605442,11.4443661755609,11.8111400195122
"Lavandula latifolia",105312,234.818333333333,17.5327531660051,17.0876721558337
"Lavandula stoechas",105321,74.10124909375,28.3265658356919,10.6141359927595
"Lemna gibba",105427,15.4777269629226,6.72707015869228,49.7403878799842
"Lemna minor",105431,9.45682236762389,11.727052704577,59.5632432309294
"Leontopodium nivale",611031,54.34,28.3126529381818,15.310127228
"Lepidium draba",105621,1239.460266665,19.1903850155,21.5198695511667
"Leucanthemum vulgare",105817,342.94876398293,19.6712088756117,18.140602092498
"Ligustrum vulgare",105966,566.709841269841,38.0144708716954,11.317691740282
"Lilium bulbiferum",105979,497.734592857143,13.2844815290519,19.4109309255134
"Lilium martagon",105989,2879.1584,12.0994029697412,30.7794315477497
"Linaria repens",106213,169.476,17.914423844375,16.6195346292143
"Linaria vulgaris",106234,69.421290070922,20.1682416762234,23.9303260959034
"Linum catharticum",106288,16.7351913579938,23.7089006001869,28.7345963534621
"Lithospermum officinale",106396,850.583333333333,21.315,21.85
"Lonicera etrusca",106565,592.64637962963,27.815,35.0772323426667
"Lonicera nigra",106574,631.341543333333,32.6042343829323,17.3412962998119
"Lonicera periclymenum",106581,1061.33768946032,29.3734574726531,14.6434405404287
"Lonicera xylosteum",106595,1147.98482033898,33.740602646068,25.4614643239095
"Lotus corniculatus",106653,185.185384066927,21.9830144482208,24.0498720230629
"Lycium barbarum",106965,994.515625,16.4215,14.9535714285714
"Lycopus europaeus",107038,1772.49220512821,20.005529943345,32.6361158180574
"Lysimachia nummularia",107073,206.852424240909,20.1691759261111,33.5333091567857
"Lysimachia vulgaris",107090,2364.66540040742,19.9478770033745,26.6793096064907
"Lythrum salicaria",107117,904.868252889336,24.4390018923343,19.1535991345168
"Malus sylvestris",107217,862.059658068783,39.5475360127488,12.7428798958664
"Malva alcea",107224,754.7,13.438375,15.6387042175047
"Malva moschata",107282,584.894736842105,21.4952380957143,16.8870925163613
"Malva sylvestris",107318,5128.6,17.4304371500341,25.3954454462843
"Marrubium vulgare",107397,467.28748,22.0833333333333,10.924971072533
"Matricaria discoidea",107446,354.063,16.0833650015036,26.0549566728398
"Melampyrum arvense",107786,321.7751475,18.5211306859461,19.9139114315381
"Melittis melissophyllum",108003,1663.52743181818,20.5920998734041,40.2327162210104
"Mentha aquatica",108027,1044.28621213618,19.0090575211522,24.9499119862868
"Mentha arvensis",108029,662.476623930769,17.6077265305714,40.9722067433961
"Mentha longifolia",108103,1190.46166666667,23.93859,23.77265298395
"Mentha pulegium",108138,128.500909090909,17.47946875,30.4941063014896
"Mentha suaveolens",108168,1243.99615384615,18.33428125,28.3253247011483
"Menyanthes trifoliata",108345,5584.95490196078,17.1990704225186,25.2803705107249
"Mercurialis annua",108351,1015.83928315789,17.2698085006118,47.9039652323908
"Mercurialis perennis",108361,1362.98793163265,20.9119362558609,39.0009965334781
"Myosotis arvensis",108996,313.086877528736,16.2983646429435,40.2987906811685
"Myosotis sylvatica",109104,498.958804452941,12.9423609324392,31.3836763225932
"Myrica gale",109130,307.3,36.9572393347393,13.1605778456818
"Myrrhis odorata",109161,142526,23.6666666666667,38.621111111
"Myrtus communis",109186,339.108080168776,39.1471796206667,9.89347006805616
"Narcissus poeticus",109291,4582,18.5754,18.7492857142857
"Narcissus pseudonarcissus",109297,1773.5,13.675,19.2990746042857
"Nasturtium officinale",109422,438.898181818182,6.65884615384615,70.8975757575606
"Nigella arvensis",109620,46.6153846153846,17.473,16.291548555849
"Nigella damascena",109625,2361,17.7091,31.0216666666667
"Nuphar lutea",109732,27067.0459183673,19.137520320197,13.5850406205936
"Nuphar pumila",109735,16962.5873015873,14.6805896805897,28.5827622377622
"Nymphaea alba",109750,45706.679245283,20.8642503662353,10.3363231655812
"Oenanthe aquatica",109861,4890.25,12.77203125,29.4981151472727
"Oenothera biennis",109911,3584.85517857143,22.4576998768778,18.1098065452962
"Ononis spinosa",110236,179.51676326381,26.7815049851111,22.4071249483339
"Onopordum acanthium",110244,79905.25,21.429,14.25
"Orchis mascula",110914,2085.101625,12.325985714,19.9313104128607
"Origanum vulgare",111289,441.871427633333,23.96911122,23.8264317525076
"Ornithogalum umbellatum",111391,1439.17,12.8753204637539,18.7694131123798
"Orthilia secunda",111771,407.899212223056,33.2181946882263,18.6227711976793
"Oxalis acetosella",111859,537.725583502381,11.9195341697104,71.662762947596
"Oxybasis glauca",717359,216.39,13.7008215541534,11.1511120616154
"Oxytropis campestris",111974,581.65619047619,27.6182607230811,13.2184735355438
"Paeonia officinalis",112042,19556.3535,29.7813461433833,12.1206690980204
"Papaver dubium",112303,255.769230769231,18.63825,20.5817012957302
"Papaver rhoeas",112355,520.9033392,19.5620449962202,26.5716354420697
"Parietaria judaica",112410,1515.57142857143,18.495,33.1146941932598
"Parietaria officinalis",112413,2003.21863296296,17.6009714770849,55.2536358062529
"Paris quadrifolia",112421,3038.51924712644,14.733350365023,45.4146593549509
"Parnassia palustris",112426,266.969063418835,16.6183108126727,21.3693577319043
"Parthenocissus tricuspidata",112467,8102.47786731182,26.3158110116105,22.6076071317146
"Pastinaca sativa",112550,7406.7325,21.5622843218289,18.004555229647
"Pedicularis palustris",112590,391.83,15.45275,26.2950833333333
"Pedicularis sylvatica",112601,72.4393939393939,16.1666666666667,23.1307083829656
"Persicaria hydropiper",112739,1753.36836933556,17.4950875434941,57.1154494432912
"Persicaria maculosa",112745,1413.79154477474,11.8993368250405,36.7614124150117
"Petasites hybridus",112783,169267.166666667,20.12,19.198666667
"Phleum pratense",113221,939.359285206537,32.1835936793805,22.4051405054247
"Phragmites australis",113260,4022.6377933323,40.0163226244459,14.7716334034089
"Pilosella officinarum",113525,440.373027312684,20.8116038846878,12.6900121618839
"Pimpinella major",113579,982.478260869565,23.5227064767123,20.3520419628958
"Pimpinella saxifraga",113596,1268.35663285024,22.5450019910964,18.4817019501551
"Pistacia lentiscus",113744,1784.34897132394,47.3788481036817,7.59633951303945
"Plantago afra",113804,132.870769230769,32.79,17.4057628338398
"Plantago arenaria",113809,135.9,15.5897411617078,16.4740263740122
"Plantago coronopus",113842,237.505652173913,11.1071001590476,18.2884135989936
"Plantago lanceolata",113893,1611.73209585722,18.0292577573522,17.6997677374172
"Plantago major",113904,5095.59446144068,18.1756796984768,20.4044875809165
"Plantago sempervirens",113957,125,24.274046056,7.09892861136055
"Polygala vulgaris",114595,50.7269151874448,25.6121003313205,18.9682458994626
"Polygonatum multiflorum",114611,1283.85320833333,14.9488547144686,43.3025872458821
"Polygonatum odoratum",114612,2292.77607727273,18.2290310830705,26.0082009513612
"Polygonum aviculare",114658,175.843943125,22.9709851822288,33.0472069715974
"Populus alba",115110,3080.44208421053,39.0076180535247,11.8949334137467
"Populus nigra",115145,2707.39375,30.5876666666667,12.0903466329511
"Populus tremula",115156,2326.18816690016,39.2263212093657,13.7832956502557
"Portulaca oleracea",115215,135.891735134507,7.71256363353698,20.0634610646391
"Potamogeton natans",115280,2938.46661428571,19.1035894115865,28.0390788361847
"Potentilla argentea",115407,313.29585,31.2233487744198,16.6871829186462
"Potentilla erecta",115470,243.481015170068,33.7896603701144,19.2004489366646
"Potentilla reptans",115624,2136.48450906667,25.9544593741278,23.7333812880521
"Prenanthes purpurea",115813,2467.73573888889,13.2894157221188,70.7174624381509
"Primula elatior",115865,3401.36710526316,15.36631,29.3468334944993
"Primula farinosa",115868,168.273567272727,17.2485521741008,23.3843019253046
"Primula veris",115918,3114.20037580588,18.5658205618495,20.2943514942509
"Prunella vulgaris",116012,358.653807165041,19.7297958656906,23.8412699134551
"Prunus avium",116043,4283.10229166667,34.6766458734394,16.8932555038421
"Prunus laurocerasus",116089,5709.56789598394,36.4699837174191,6.7757739648452
"Prunus mahaleb",116096,577.247877083333,29.2538524190784,16.0493725417405
"Prunus padus",116109,2776.45909126984,32.8364018858108,20.3190498264359
"Prunus spinosa",116142,409.2616284377,33.8906760818104,16.8462919381875
"Pulicaria dysenterica",116392,1042.84586492857,16.1678129208333,30.548
"Pulmonaria officinalis",116422,6646.93388571429,12.2116225356952,32.4129539782285
"Pyrola rotundifolia",116547,1213.83114583333,31.4175895509753,17.2332544138209
"Quercus ilex",116704,697.972080676112,37.7700516188569,6.49414767453143
"Quercus petraea",521658,2192.01228095937,41.5936151297597,17.6638708590831
"Quercus pubescens",116751,4027.36962857143,44.3065173411919,10.9243124490765
"Quercus pyrenaica",116754,1502.2511171978,45.2676714402929,10.006073296186
"Quercus robur",116759,2677.00440391725,39.5390076681869,12.8872968931683
"Ranunculus acris",116903,2856.4974187539,22.1211061689974,19.3212986028695
"Ranunculus bulbosus",116952,1421.3837011881,18.3048613453417,20.6247302313935
"Ranunculus montanus",117125,775.514138667924,21.6882426630498,14.3847791522999
"Ranunculus repens",117201,2310.60938585185,17.001225849914,19.138781447211
"Ranunculus sceleratus",117224,1474.869,15.4362037956352,29.9719004822645
"Reseda luteola",117459,1647.06323529412,15.2329916666667,21.014296875
"Reynoutria japonica",117503,12198.6964826316,25.9882399250869,18.1467078851155
"Rhamnus cathartica",117530,1714.02565290323,28.0296554958626,27.5692065827332
"Rhodiola rosea",117668,130.928411610855,10.6984062066154,24.0570259601446
"Rhododendron ferrugineum",117679,200.558711454545,50.7617759891667,6.87658268647655
"Ribes rubrum",117774,4612.33282828283,26.6149,31.4173135406686
"Rosa arvensis",118016,1283.18773818182,35.4115768687047,24.7872885919294
"Rosa canina",118073,1553.97301150525,41.8817311219827,12.861212649242
"Rosa pendulina",118397,1386.24567647059,33.1231150869742,21.2407577642284
"Rubia peregrina",118916,365.514169285714,21.3156428571429,14.9212272793436
"Rubia tinctorum",118920,597.15,17.286,17.8325
"Rubus idaeus",119149,5962.20390070862,34.4523994944461,23.1198308434319
"Rumex acetosa",119418,1220.37768546231,12.0802597836458,25.0546524172513
"Rumex acetosella",119419,227.219276980721,13.1175350798635,20.601229474361
"Rumex alpinus",119435,18191.0094823505,16.7406342184898,9.52412002669945
"Rumex crispus",119473,8738.77015145714,15.8113923509845,21.4188222229048
"Rumex obtusifolius",119550,17406.0428286,14.3997482810526,29.7667278168459
"Ruscus aculeatus",119698,221.233804627286,38.6113750464875,12.3939894587905
"Sagittaria sagittifolia",119860,6022.79514285714,14.3343028014596,33.0791064791397
"Salix alba",119915,875.359528004255,28.3436273671213,13.6614548550897
"Salix caprea",119977,2490.14902777778,33.9380341914273,14.2977952799862
"Salix myrsinifolia",120135,392.811407857143,34.4847881701281,14.0885030173776
"Salix purpurea",120189,336.09003875,38.1568488611146,11.7953129535599
"Salvia glutinosa",120643,9774.00807142857,12.039624950279,55.547969629096
"Salvia officinalis",120678,582.623024690123,26.0538388769962,10.5543013630561
"Salvia pratensis",120685,3307.55879856522,18.0721187301867,22.7640448095824
"Sambucus ebulus",120712,18801.25,17.085225,19.93375
"Sambucus nigra",120717,8723.91850340136,24.9773111638842,20.3905218433475
"Sambucus racemosa",120720,10911.0833292633,18.3012298122701,24.6490763362866
"Sanguisorba officinalis",120758,3280.88716666667,31.1367740065741,14.4427726069603
"Sanicula europaea",120772,2284.43790070922,17.3492266868653,29.9713380483842
"Santolina chamaecyparissus",120785,66.86,9.48785125568017,28.0033722689923
"Saponaria ocymoides",120823,59.808169,22.1203056890525,20.5359888919644
"Saponaria officinalis",120824,2385.51807222222,18.8367340331963,24.6176151585169
"Satureja montana",120908,30.7,21.0585956264134,8.06394297218719
"Saxifraga granulata",121065,392.595,14.2596428575,24.8858744936842
"Scabiosa columbaria",121334,1084.96265257143,21.3355911227789,20.0071672380597
"Scilla bifolia",121606,1196.84541266667,9.14570099648309,26.7415111732376
"Scleranthus annuus",121823,6.51024753085185,18.070303811287,27.7840635819232
"Scrophularia auriculata",121999,13050.4074077778,13.6738095242857,19.9597222225
"Scrophularia nodosa",122028,3908.75674375,16.5863408023051,36.9338122839041
"Scutellaria galericulata",122069,512.678333333333,21.75725,45.6893234482345
"Sedum acre",122101,9.63704299319728,14.1897399057923,12.8445019048363
"Sedum album",122106,25.4202211111111,4.84831939045615,13.4232681186647
"Sedum cepaea",122140,30.4975,5.305125,21.6025
"Sedum rubens",122243,16.624,3.5565,33.505
"Sempervivum montanum",122467,22.1297143,6.77050785376777,5.19900665854695
"Sempervivum tectorum",122493,466.923538095238,5.08533508797989,8.824029291865
"Senecio doronicum",122593,1815.61991,13.2633242773742,12.260655854788
"Senecio ovatus",122675,7693.92446923077,11.2272997492594,43.2663975149765
"Senecio sylvaticus",122726,5336,11.3333333333333,29.494666666
"Senecio vulgaris",122745,606.884682068966,11.1289065560167,28.386686817223
"Serratula tinctoria",122971,6568.10028416667,20.2143198905717,20.6692791778636
"Silene vulgaris",123683,648.98196953299,15.5403064801323,21.6839758413707
"Sinapis alba",123711,2316,14.6890999923179,22.4817711406124
"Sinapis arvensis",123713,7928.74074077778,10.9214285714286,31.45574719
"Sisymbrium officinale",123863,5492.13361111111,13.8833333328571,27.3822108265333
"Solanum dulcamara",124034,890.275478636088,18.425727936573,36.8132477750823
"Solanum nigrum",124080,1963.72856322667,13.9187454459899,33.2908806369331
"Solidago canadensis",124164,1003.70791221443,29.1511605161882,16.5277143399303
"Solidago gigantea",124168,906.885048154504,30.8705130491743,16.6743630869608
"Solidago virgaurea",124205,1582.92390277442,20.4135949161559,28.5526942367893
"Sonchus arvensis",124232,5683.14545454545,11.0327296189544,29.9882806376
"Sonchus asper",124233,3170.99072490318,9.45850670317984,37.2539789415192
"Sorbus aucuparia",124308,8708.51221658747,36.6239101021035,13.8137518321315
"Spartium junceum",124453,161.351546,16.4132553919835,16.3455820397405
"Spergula arvensis",124499,97.219025,12.4215877824096,15.342317232983
"Stachys arvensis",124744,233.916666666667,17.04,29.866
"Stachys palustris",124798,1080.17861130108,19.325394631875,47.3569934261513
"Stachys sylvatica",124814,3695.50815217391,16.7148891490425,49.5966076424121
"Stellaria media",125014,229.771604113274,13.0614673971489,52.9196402780663
"Succisa pratensis",125295,2689.06674494444,18.1022119482569,17.2083675922278
"Symphoricarpos albus",125324,1613.28554181268,34.5774537941176,22.0575458172
"Symphytum officinale",125355,7810.16314680786,11.4278778574019,26.8574874962837
"Tanacetum parthenium",125469,1638.26109090909,18.523130238532,33.3043374659248
"Tanacetum vulgare",125474,4309.81740740741,29.4406432920905,20.5294322617231
"Teucrium chamaedrys",125981,120.495459393939,34.0239400899797,13.7921134189035
"Teucrium montanum",126008,32.2134008333333,35.3754954832969,12.7387219384423
"Teucrium polium",126019,14.3209474969475,34.9731660732766,9.0469447086867
"Teucrium scorodonia",126035,1804.61344666667,25.0737710238569,31.8737854083451
"Thymus serpyllum",126573,8.01680833333333,32.1931062605953,16.192779202422
"Thymus vulgaris",126582,3.75366331556299,33.9192016128401,9.19352737179944
"Tilia cordata",126628,3645.78066785714,34.4177306062328,21.7701599905164
"Tilia platyphyllos",126650,6826.69584615385,23.0125246710628,29.1348214370906
"Tragopogon pratensis",127029,978.501006537037,19.0212237302705,18.897374447493
"Tribulus terrestris",127131,119.053125,29.8925483578429,18.2844825093731
"Trifolium alpinum",127219,373.565026363636,39.3420611515019,12.38243674529
"Trifolium arvense",127230,78.2289885,41.7090993966813,18.6304261515419
"Trifolium pratense",127439,840.216114582149,25.0355136700657,22.784812046574
"Trollius europaeus",127872,8997.28483333333,21.368912258569,21.6350145592474
"Tussilago farfara",128042,41477.267421875,14.7063422992257,17.3562763914657
"Typha latifolia",128077,23675.0781179138,20.7217370800467,10.8905683671649
"Ulmus minor",128175,1913.98310526316,27.0449435489879,20.0412551903962
"Umbilicus rupestris",128215,2027.6,4.65080416609037,29.7098319901131
"Urtica dioica",128268,2102.91553366249,26.3562936183106,24.6692616494853
"Urtica urens",128298,574.436153846154,20.46375,48.1166666666667
"Vaccinium myrtillus",128345,93.9022627872069,37.4045074774749,19.9762345038325
"Valeriana montana",128416,1373.61666666667,20.7334815990909,22.1487243674455
"Valeriana officinalis",128419,2260.37843749479,18.662198850794,21.8912481335235
"Valerianella locusta",128476,222.659496017593,11.0241509203556,43.1084712450014
"Veratrum album",128520,12291.8205852612,18.1553077202176,16.7333077708178
"Verbascum densiflorum",128567,15979.6248809524,18.89380625,17.465
"Verbascum nigrum",128615,66693.9533333333,16.3333333333333,18.6933333325
"Verbascum thapsus",128660,8730.58077411696,25.1373234916978,14.5425607399911
"Verbena officinalis",128754,360.942916666667,23.4959166666667,14.7135714285714
"Veronica beccabunga",128808,679.019803923529,8.75235294117647,64.9587012985714
"Veronica chamaedrys",128832,1519.10150614786,23.876364627037,23.8549412252925
"Veronica officinalis",128938,200.707481926471,33.6920385904959,19.1829721816569
"Viburnum lantana",129083,3945.445,23.5066666666667,15.1746334022059
"Viburnum opulus",129087,2985.22706845238,33.4928444680624,18.9975213987746
"Vinca major",129468,1755.20064285714,23.6666666666667,16.985210924771
"Vinca minor",129470,372.845598208333,24.4517287692233,22.51250226713
"Vincetoxicum hirundinaria",129477,2245.47625,18.009552559004,38.3082784499393
"Viola arvensis",129506,225.777508529412,16.4440717594197,40.4300881651803
"Viola biflora",129520,335.680783372327,15.8049891647059,36.3437645185114
"Viola calcarata",129527,58.2259945,19.4729890403538,20.7144468296608
"Viola canina",129529,374.566301920744,24.4593708889877,25.9446193730244
"Viola collina",129539,1834.2,22.4356666666667,29.069
"Viola lutea",129614,147.25,17.54,19.65
"Viola odorata",129632,2700.32441875,22.886857841616,23.9729870886103
"Viola palustris",129639,980.806435185185,20.479154893046,33.7996935503193
"Viola reichenbachiana",129666,910.95905398773,19.4005917789664,38.8361156540266
"Viola rupestris",129674,1194.704,28.3287785826877,17.9968772282456
"Viola tricolor",129723,351.037333333333,16.47236,32.1438527887511
"Viscum album",129906,683.342857142857,26.7705,4.43666666666667
"Xanthium spinosum",130491,352.040615384615,23.3956,13.6427272727273
"Xanthium strumarium",130492,3412.82375603774,19.4513454720954,16.7047974289788
"Asplenium ceterach",84472,761.857142857143,21.9903818003576,18.335533687839
"Asplenium scolopendrium",84524,12410.15,24.4715,18.0385366218667
"Dryopteris filix-mas",95567,48561.7882727273,24.4497268793397,31.1869635728225
"Equisetum arvense",96508,486.038467986742,23.4094673902063,12.5492584610646
"Equisetum hyemale",96523,300.057555556,28.8924428813492,4.64913979909741
"Equisetum palustre",96534,1580.66080763512,20.2224,8.9778005531341
"Equisetum sylvaticum",96545,195.121071428571,26.1394422833333,23.7410951613838
"Equisetum telmateia",96546,50.2475,11.8474285714286,14.98296185825
"Equisetum variegatum",762284,359.1555,16.96774525,9.28896424290799
"Osmunda regalis",111815,27918.865,27.5629666666667,26.4162720017741
"Polypodium vulgare",115016,2414.87525510204,34.2753291636716,13.631491386335
"Pteridium aquilinum",116265,26197.9457582159,24.4308793023588,18.2128523151195
"Abies alba",79319,263.590458478931,43.6827315162517,6.68996346648989
"Ephedra distachya",96101,462.627727272727,46.709818798637,4.05540280047602
"Juniperus communis",104397,12.9768933527107,47.6609290569892,6.82736897753917
"Juniperus oxycedrus",104409,20.5963249642063,37.1276599299556,7.36076263980411
"Larix decidua",105042,19.8649342105263,38.8341564354686,10.219941246022
"Picea abies",113432,80.2872125,42.1707687289884,4.24463619557156
"Pinus cembra",113651,72.8956776666667,43.151027426856,3.83910560887828
"Pinus halepensis",113665,292.577652869545,44.4945885954328,4.82139459464913
"Pinus mugo",113682,53.14,41.912,4.19
"Pinus pinaster",113689,523.86097428015,38.1985189924158,3.27758584208441
"Pinus pinea",113690,131.45,47.059,4.16371116344342
"Pinus sylvestris",113703,96.2004342170481,39.5160499659536,4.78897470161926
"Pseudotsuga menziesii",116216,29.2290183949255,51.5295294117647,8.56643921211136
"Taxus baccata",125816,65.6494056847545,36.4421412594881,7.32681175278019
"Drosera anglica",95436,143.879375,12.2075555555556,26.372978202875
"Pulmonaria australis",116412,11220.99524,17.0808306053776,15.3136873043333
"Salicornia europaea",119881,106.835,22.6182189289795,3.34860750603748
"Cormus domestica",92488,3250,47.0471334647826,18.5050514701228
"Spergularia rubra",124578,10.6857111111111,13.3333333333333,16.3019829673096
"Rabelera holostea",999933,275.974464285714,16.6912927530793,31.8982813175156
"Melilotus officinalis",107942,230.979915087719,24.6949315937456,16.5785532816195
"Alkanna matthioli",81287,149.045454545455,26.3555555555556,15.6715037164094
"Betonica officinalis",85852,1821.0132,19.5162844622516,23.1417574659481
"Capsella bursa-pastoris",87849,811.367102995169,15.6401882647413,42.9913176382683
"Convolvulus sepium",92353,1679.85531275071,16.2231209733658,37.6184592276029
"Corrigiola litoralis",92566,22.6235294117647,14.4193888888889,28.179375
"Crataegus germanica",92854,2207.38588475694,32.8568917182067,23.8552978343357
"Cyanus segetum",93680,364.047208125,17.9437374820988,20.3942417610578
"Dipsacus fullonum",95149,16493.5,17.395,19.45076923
"Elytrigia repens",96046,1890.77205711938,34.1301946951761,20.5332734750591
"Erysimum cheiri",97185,411,18.4,11.6
"Hyacinthoides non-scripta",103057,3499.5,8.74,21.746221121867
"Impatiens noli-tangere",103553,1546.94715769231,13.9129708554109,64.9204360747449
"Iris germanica",103737,9287.458125,12.21571875,12.6586893988382
"Lysimachia arvensis",610909,50.7456423076923,14.0844421663772,30.9463921491301
"Melilotus albus",107886,838.982508657778,22.3735507373055,18.8825547264893
"Poterium sanguisorba",115789,924.965623076923,34.9395650304191,18.0483958873142
"Pulsatilla vernalis",116459,599.182857142857,28.4818337202928,10.379861247367
"Pulsatilla vulgaris",116460,1823.625,23.7644802631579,10.5354736842105
"Ribes uva-crispa",117787,1030.56316526611,27.5819467088924,17.0635271201791
"Scandix pecten-veneris",121449,2042.885,12.809,19.4756
"Stellaria aquatica",124970,583.704444444444,12.1295714285714,57.3673767330769
"Vaccinium vitis-idaea",128355,61.6123477021695,43.3892289354793,6.80271495138985
