LB_NOM,CD_REF,C,S,R,CSR,strategy_class,harvested,selected
Abutilon theophrasti,79684,64.2570398275736,14.7090884093157,21.0338717631107,64 : 15 : 21 %,C/CR,0,1
Acer campestre,79734,36.4385230938179,46.7977879429466,16.7636889632356,36 : 47 : 17 %,CS/CSR,1,1
Acer pseudoplatanus,79783,48.672716371109,40.8483662929392,10.4789173359518,49 : 41 : 10 %,CS,0,1
Aconitum anthora,80007,35.3700616316671,0.671655232881879,63.958283135451,35 : 1 : 64 %,R/CR,1,1
Aegopodium podagraria,80322,60.1940901979969,13.4743917387442,26.3315180632589,60 : 13 : 26 %,C/CSR,1,1
Aethionema saxatile,80350,11.7960602542272,70.6652683016256,17.5386714441472,12 : 71 : 18 %,S/SR,0,1
Agrimonia eupatoria,80410,43.8728839807437,41.0377349599396,15.0893810593167,44 : 41 : 15 %,CS/CSR,1,1
Agrostemma githago,80546,26.7186671549423,46.3991142449258,26.8822186001319,27 : 46 : 27 %,S/CSR,1,1
Agrostis alpina,80564,0,100,0,0 : 100 : 0 %,S,0,1
Agrostis stolonifera,80759,8.39291560263083,53.6925260057791,37.9145583915901,8 : 54 : 38 %,SR,0,1
Ajuga chamaepitys,80978,11.0662679462198,1.99352315383354,86.9402088999467,11 : 2 : 87 %,R,1,1
Albizia julibrissin,447347,63.886455965944,25.4485325886974,10.6650114453586,64 : 25 : 11 %,C/CS,0,1
Alchemilla glaucescens,81091,34.2974988502963,41.3227570351307,24.379744114573,34 : 41 : 24 %,CS/CSR,0,1
Alchemilla subglobosa,717722,38.760803052175,31.6129216694735,29.6262752783515,39 : 32 : 30 %,CSR,0,1
Alisma gramineum,81260,21.1093687344675,67.0366328184402,11.8539984470923,21 : 67 : 12 %,S/CS,0,1
Alkanna matthioli,81287,10.1324652938896,60.3267174445183,29.5408172615922,10 : 60 : 30 %,S/SR,1,1
Allium angulosum,81316,69.7317683997722,0,30.2682316002278,70 : 0 : 30 %,C/CR,0,1
Allium carinatum,81336,39.8376305992496,0,60.1623694007504,40 : 0 : 60 %,CR,0,1
Allium flavum,81376,9.81014119061597,90.189858809384,0,10 : 90 : 0 %,S,0,1
Allium scorodoprasum,81510,14.8422413594773,85.1577586405227,0,15 : 85 : 0 %,S,0,1
Allium ursinum,81541,48.9468238912052,0,51.0531761087948,49 : 0 : 51 %,CR,1,1
Alnus incana,81570,31.6708973052634,45.9097385182836,22.419364176453,32 : 46 : 22 %,S/CSR,1,1
Alopecurus geniculatus,81637,13.2384689573439,44.2388127812661,42.52271826139,13 : 44 : 43 %,SR/CSR,0,1
Alopecurus myosuroides,81648,18.1587837183321,41.3395811766029,40.501635105065,18 : 41 : 41 %,SR/CSR,0,1
Alopecurus pratensis,81656,22.1770308731393,45.356324199595,32.4666449272657,22 : 45 : 32 %,SR/CSR,0,1
Alternanthera philoxeroides,81831,28.7118334753637,0,71.2881665246363,29 : 0 : 71 %,R/CR,0,1
Amaranthus blitum,81966,17.0111867746755,0,82.9888132253245,17 : 0 : 83 %,R/CR,0,1
Amaranthus cruentus,81976,60.7038871247436,0,39.2961128752564,61 : 0 : 39 %,CR,0,1
Amaranthus hybridus,81992,34.3987492682341,0,65.6012507317659,34 : 0 : 66 %,R/CR,0,1
Ambrosia psilostachya,610847,21.566959963789,41.1578551694991,37.275184866712,22 : 41 : 37 %,SR/CSR,0,1
Ammannia coccinea,82120,38.7220530205709,0,61.2779469794291,39 : 0 : 61 %,CR,0,1
Anacamptis coriophora,82282,35.1232442933734,0,64.8767557066266,35 : 0 : 65 %,R/CR,0,1
Anacamptis pyramidalis,82288,34.5342397532957,0,65.4657602467043,35 : 0 : 65 %,R/CR,0,1
Anarrhinum bellidifolium,82356,35.3117237911429,31.7729620272052,32.9153141816519,35 : 32 : 33 %,CSR,0,1
Andromeda polifolia,82420,1.7977692396552,98.2022307603448,0,2 : 98 : 0 %,S,0,1
Androsace alpina,82478,0,43.4227562388256,56.5772437611744,0 : 43 : 57 %,SR,0,1
Androsace lactea,82509,12.6145259842905,0,87.3854740157095,13 : 0 : 87 %,R,0,1
Androsace obtusifolia,82519,0,62.4439150581105,37.5560849418895,0 : 62 : 38 %,SR,0,1
Androsace vitaliana,82545,0,100,0,0 : 100 : 0 %,S,0,1
Andryala ragusina,82571,16.157093689533,69.8708636056083,13.9720427048587,16 : 70 : 14 %,S/CS,0,1
Antennaria carpatica,82794,5.11689757155152,72.7786153144811,22.1044871139673,5 : 73 : 22 %,S/SR,0,1
Anthericum liliago,82903,66.2002940416703,0,33.7997059583297,66 : 0 : 34 %,C/CR,0,1
Anthericum ramosum,82909,45.899054717236,15.8884556652382,38.2124896175257,46 : 16 : 38 %,CR/CSR,0,1
Anthoxanthum aristatum,82916,13.294308986735,33.7574959110409,52.9481951022241,13 : 34 : 53 %,SR/CSR,0,1
Anthoxanthum odoratum,82922,15.6231327880739,43.9746513982419,40.4022158136842,16 : 44 : 40 %,SR/CSR,1,1
Anthriscus caucalis,82931,49.3089881924684,1.77578106187186,48.9152307456597,49 : 2 : 49 %,CR,0,1
Anthyllis barba-jovis,82965,42.5281063069049,57.4718936930951,0,43 : 57 : 0 %,CS,0,1
Aphanes arvensis,83159,1.6867478816146,49.1538165591308,49.1594355592546,2 : 49 : 49 %,SR,0,1
Aposeris foetida,83234,39.7026389310168,0,60.2973610689832,40 : 0 : 60 %,CR,0,1
Arabidopsis arenosa,610746,10.1127519838652,24.0916714596649,65.7955765564698,10 : 24 : 66 %,R/SR,0,1
Arabis alpina,83279,26.4484034084599,0,73.5515965915401,26 : 0 : 74 %,R/CR,0,1
Arctium minus,83502,83.0053537634624,0.331168982804216,16.6634772537334,83 : 0 : 17 %,C/CR,1,1
Arctium nemorosum,83503,86.4908042688299,0,13.5091957311701,86 : 0 : 14 %,C,0,1
Arctium tomentosum,83507,92.0826995657992,0,7.91730043420077,92 : 0 : 8 %,C,0,1
Argyrolobium zanonii,83722,12.6294961091549,86.6701160188952,0.700387871949938,13 : 87 : 1 %,S,0,1
Aristolochia pallida,83789,13.1516211910334,23.2839384311365,63.5644403778301,13 : 23 : 64 %,R/SR,0,1
Armeria alpina,83808,5.49190276828604,38.1970313304346,56.3110659012793,5 : 38 : 56 %,SR,0,1
Armeria maritima,83832,11.0748503073157,67.5185354330713,21.406614259613,11 : 68 : 21 %,S/SR,1,1
Arnica montana,83874,56.0975805957202,0,43.9024194042798,56 : 0 : 44 %,CR,1,1
Arnoseris minima,83890,35.922015337904,0,64.077984662096,36 : 0 : 64 %,R/CR,0,1
Artemisia campestris,83953,16.458187792957,48.2094490973068,35.3323631097362,16 : 48 : 35 %,SR/CSR,0,1
Artemisia pontica,84021,7.29909438499471,70.4569765723465,22.2439290426588,7 : 70 : 22 %,S/SR,0,1
Artemisia verlotiorum,84057,31.0226414230084,60.6621727366821,8.3151858403095,31 : 61 : 8 %,S/CS,0,1
Artemisia vulgaris,84061,38.6821727754727,26.7959704248637,34.5218567996636,39 : 27 : 35 %,CSR,1,1
Asclepias syriaca,84251,67.7661498959067,14.7063891247512,17.5274609793421,68 : 15 : 18 %,C/CR,1,1
Asparagus acutifolius,84264,0,100,0,0 : 100 : 0 %,S,0,1
Asperula aristata,84296,0.0114317888865945,54.3666871636429,45.6218810474705,0 : 54 : 46 %,SR,0,1
Asperula arvensis,84297,4.77541131310188,48.2321798802495,46.9924088066486,5 : 48 : 47 %,SR,0,1
Asperula purpurea,84319,0,75.0744136428868,24.9255863571132,0 : 75 : 25 %,S/SR,0,1
Asphodelus albus,84338,31.0707995527992,68.9292004472008,0,31 : 69 : 0 %,S/CS,1,1
Asphodelus fistulosus,84355,12.417374012123,87.582625987877,0,12 : 88 : 0 %,S,0,1
Asplenium ceterach,84472,29.4262394448653,34.1791599237908,36.3946006313439,29 : 34 : 36 %,CSR,1,1
Asplenium viride,84540,19.3891550952417,36.4592556646087,44.1515892401497,19 : 36 : 44 %,SR/CSR,0,1
Astragalus hamosus,84846,64.5462554356704,19.3106469480195,16.1430976163102,65 : 19 : 16 %,C/CSR,0,1
Astragalus stella,84904,0.987454812585248,60.8778386497336,38.1347065376811,1 : 61 : 38 %,SR,0,1
Athyrium filix-femina,84999,77.044894905885,0,22.955105094115,77 : 0 : 23 %,C/CR,0,1
Atractylis humilis,85023,10.9454887953714,89.0545112046286,0,11 : 89 : 0 %,S,0,1
Atriplex laciniata,85079,43.6458533149401,27.808380534061,28.5457661509988,44 : 28 : 29 %,CSR,0,1
Atriplex patula,85102,57.23774198196,0,42.76225801804,57 : 0 : 43 %,CR,0,1
Avena sterilis,85374,34.9422403608375,20.2262467772788,44.8315128618837,35 : 20 : 45 %,CR/CSR,0,1
Avena strigosa,85378,39.3129782961115,15.2187611226604,45.4682605812281,39 : 15 : 45 %,CR/CSR,0,1
Barbarea intermedia,85536,52.5977990594578,0,47.4022009405422,53 : 0 : 47 %,CR,0,1
Bartsia alpina,85602,10.3271643440083,61.8847121242787,27.7881235317129,10 : 62 : 28 %,S/SR,0,1
Bellis annua,85728,10.388629185404,0,89.611370814596,10 : 0 : 90 %,R,0,1
Bellis perennis,85740,31.4850100124616,0,68.5149899875384,31 : 0 : 69 %,R/CR,1,1
Berberis vulgaris,85774,13.4812689721235,62.5883268331099,23.9304041947666,13 : 63 : 24 %,S/CSR,1,1
Bidens connata,85949,27.6276727774616,0,72.3723272225384,28 : 0 : 72 %,R/CR,0,1
Bidens frondosa,85957,44.8574776751991,0.352595550230036,54.7899267745709,45 : 0 : 55 %,CR,0,1
Bidens pilosa,85972,41.255270556775,2.92128473635946,55.8234447068656,41 : 3 : 56 %,CR,1,1
Bidens radiata,85978,64.0080429011879,0,35.9919570988121,64 : 0 : 36 %,C/CR,0,1
Bifora radians,85997,32.9314236092276,0,67.0685763907724,33 : 0 : 67 %,R/CR,0,1
Bistorta officinalis,86081,42.8101865567392,28.6892780769505,28.5005353663103,43 : 29 : 29 %,CSR,1,1
Bistorta vivipara,86082,21.270347912478,44.5446410944843,34.1850109930377,21 : 45 : 34 %,SR/CSR,0,1
Bituminaria bituminosa,86083,15.5386226040119,59.0042787688394,25.4570986271487,16 : 59 : 25 %,S/CSR,0,1
Blackstonia acuminata,86084,7.29403040957864,0,92.7059695904214,7 : 0 : 93 %,R,0,1
Blackstonia perfoliata,86087,17.7571792712466,28.5259398334781,53.7168808952753,18 : 29 : 54 %,R/CSR,1,1
Blysmus compressus,86124,15.4775558544865,61.1702541140026,23.352190031511,15 : 61 : 23 %,S/CSR,0,1
Borago officinalis,86156,59.0834241889694,0,40.9165758110306,59 : 0 : 41 %,CR,1,1
Brachypodium distachyon,86262,1.53727993693742,57.5408535553558,40.9218665077068,2 : 58 : 41 %,SR,0,1
Brachypodium pinnatum,86289,25.1599759996279,43.1260547341251,31.713969266247,25 : 43 : 32 %,CSR,0,1
Brachypodium retusum,86297,3.86950752449035,58.6643810526334,37.4661114228762,4 : 59 : 37 %,SR,0,1
Brassica oleracea,86406,51.3363117470877,0,48.6636882529123,51 : 0 : 49 %,CR,0,1
Briza media,86490,14.3114559925708,52.221358405583,33.4671856018463,14 : 52 : 33 %,SR/CSR,1,1
Bromus arvensis,86537,26.2136784019361,43.623252803239,30.1630687948249,26 : 44 : 30 %,CSR,0,1
Bromus commutatus,86571,26.8988012842592,31.2446164411901,41.8565822745508,27 : 31 : 42 %,CSR,0,1
Bromus hordeaceus,86634,12.1890835012563,45.4407895193753,42.3701269793684,12 : 45 : 42 %,SR/CSR,0,1
Buglossoides incrassata,610662,15.3560626329334,9.97936955114953,74.6645678159171,15 : 10 : 75 %,R/CR,0,1
Bunium bulbocastanum,86983,46.7696788444854,0,53.2303211555146,47 : 0 : 53 %,CR,0,1
Buphthalmum salicifolium,87009,26.0119382085043,19.9071479564399,54.0809138350558,26 : 20 : 54 %,R/CSR,0,1
Bupleurum rigidum,87093,32.7989840203568,59.8692387296851,7.33177724995815,33 : 60 : 7 %,S/CS,0,1
Calamagrostis arundinacea,87212,25.6128973430132,50.8002058041215,23.5868968528653,26 : 51 : 24 %,S/CSR,0,1
Campanula barbata,87607,27.5310865445129,43.3950804228322,29.0738330326549,28 : 43 : 29 %,CSR,0,1
Campanula bononiensis,87613,26.6028793687214,44.7928097381051,28.6043108931734,27 : 45 : 29 %,S/CSR,0,1
Campanula erinus,87636,10.8490720540101,0,89.1509279459899,11 : 0 : 89 %,R,0,1
Campanula patula,87690,38.7139314993901,0,61.2860685006099,39 : 0 : 61 %,CR,1,1
Campanula rotundifolia,87720,5.01766255067146,47.5418799633367,47.4404574859918,5 : 48 : 47 %,SR,1,1
Campanula trachelium,87742,41.2505346099808,0,58.7494653900192,41 : 0 : 59 %,CR,1,1
Cardamine heptaphylla,87925,57.9228819623918,0,42.0771180376082,58 : 0 : 42 %,CR,0,1
Cardamine hirsuta,87930,10.6184789493291,0,89.3815210506709,11 : 0 : 89 %,R,0,1
Cardamine impatiens,87933,8.49001311662745,47.2703104179893,44.2396764653833,8 : 47 : 44 %,SR,0,1
Cardamine pratensis,87964,40.248847463494,15.0600388922555,44.6911136442505,40 : 15 : 45 %,CR/CSR,1,1
Carduus acanthoides,88059,38.6213889066661,57.1206644677123,4.25794662562154,39 : 57 : 4 %,CS,0,1
Carex arenaria,88349,17.3977652404378,64.5858375886538,18.0163971709085,17 : 65 : 18 %,S/CSR,0,1
Carex brunnescens,88400,7.70261907011315,83.2583342264114,9.03904670347539,8 : 83 : 9 %,S,0,1
Carex curvula,88453,5.05705262786597,91.2849686706861,3.65797870144794,5 : 91 : 4 %,S,0,1
Carex demissa,771637,15.160487223674,55.3710088221674,29.4685039541586,15 : 55 : 29 %,S/CSR,0,1
Carex extensa,88502,25.0170261451351,74.9829738548649,0,25 : 75 : 0 %,S/CS,0,1
Carex halleriana,88560,8.95751058790954,73.4322294393086,17.6102599727819,9 : 73 : 18 %,S/SR,0,1
Carex humilis,88582,6.72876708164283,76.787094293584,16.4841386247732,7 : 77 : 16 %,S/SR,0,1
Carex liparocarpos,88637,9.53878029822911,82.5614581110908,7.8997615906801,10 : 83 : 8 %,S,0,1
Carex mucronata,88693,0.688354650086013,99.311645349914,0,1 : 99 : 0 %,S,0,1
Carex otrubae,88741,34.9522229330562,44.5435645827612,20.5042124841825,35 : 45 : 21 %,CS/CSR,0,1
Carex pilulifera,88775,13.3208121488036,53.9801036055631,32.6990842456333,13 : 54 : 33 %,S/CSR,0,1
Carex remota,88819,13.7308934424992,42.1875194337828,44.081587123718,14 : 42 : 44 %,SR/CSR,0,1
Carex riparia,88833,51.7625037032495,39.7321591482736,8.50533714847685,52 : 40 : 9 %,CS,0,1
Carex tomentosa,88916,14.3920661131051,62.0038350492337,23.6040988376612,14 : 62 : 24 %,S/CSR,0,1
Carex vaginata,88932,12.0572980676934,54.0264608075206,33.916241124786,12 : 54 : 34 %,SR/CSR,0,1
Carex viridula,88949,5.86541888658064,70.3060698998378,23.8285112135815,6 : 70 : 24 %,S/SR,0,1
Catananche caerulea,89330,44.7854102451934,0,55.2145897548066,45 : 0 : 55 %,CR,0,1
Celtis australis,89468,36.8078766224844,38.7942957426049,24.3978276349107,37 : 39 : 24 %,CS/CSR,1,1
Centaurea jacea,89619,35.7782592309056,27.185230653528,37.0365101155664,36 : 27 : 37 %,CSR,1,1
Centaurea stoebe,89716,31.2785030965178,10.832473760856,57.8890231426262,31 : 11 : 58 %,R/CSR,0,1
Centaurium littorale,89845,1.03903895339324,42.9541153445359,56.0068457020709,1 : 43 : 56 %,SR,0,1
Centranthus ruber,89888,57.9611089307141,0,42.0388910692859,58 : 0 : 42 %,CR,1,1
Cephalaria leucantha,89940,58.7665794215545,41.2334205784455,0,59 : 41 : 0 %,CS,0,1
Cerastium brachypetalum,89979,4.94835939946347,23.8001766761123,71.2514639244242,5 : 24 : 71 %,R/SR,0,1
Cerastium pumilum,90076,0,0,100,0 : 0 : 100 %,R,0,1
Ceratocephala falcata,90180,2.5088682717598,49.721844658326,47.7692870699142,3 : 50 : 48 %,SR,0,1
Chamaenerion angustifolium,90483,37.976396050764,31.5176032896104,30.5060006596256,38 : 32 : 31 %,CSR,1,1
Chenopodium ficifolium,90724,29.1991637551011,31.0349760590412,39.7658601858577,29 : 31 : 40 %,CSR,0,1
Chrysosplenium alternifolium,91118,29.5232995619781,0,70.476700438022,30 : 0 : 70 %,R/CR,0,1
Chrysosplenium oppositifolium,91120,17.7116449871532,0,82.2883550128468,18 : 0 : 82 %,R/CR,0,1
Cichorium intybus,91169,55.824270977314,11.1605382944783,33.0151907282077,56 : 11 : 33 %,C/CSR,1,1
Circaea alpina,91256,15.9871964587951,0,84.0128035412049,16 : 0 : 84 %,R,0,1
Cirsium arvense,91289,57.3922668508256,6.64425022491698,35.9634829242575,57 : 7 : 36 %,CR,1,1
Cirsium dissectum,91322,62.0258914577065,0,37.9741085422935,62 : 0 : 38 %,CR,0,1
Cirsium oleraceum,91378,76.3876184837981,0,23.6123815162019,76 : 0 : 24 %,C/CR,0,1
Cirsium tuberosum,91422,84.1626038070435,5.84978729734165,9.98760889561484,84 : 6 : 10 %,C,0,1
Cirsium vulgare,91430,84.4503812538587,0,15.5496187461413,84 : 0 : 16 %,C,0,1
Cistus albidus,91630,33.6283991444889,66.3716008555111,0,34 : 66 : 0 %,S/CS,0,1
Cistus ladanifer,91680,15.2967788772708,84.7032211227292,0,15 : 85 : 0 %,S,1,1
Cistus salviifolius,91715,36.8906918312358,48.0731354374852,15.036172731279,37 : 48 : 15 %,CS/CSR,0,1
Clematis vitalba,91886,50.4398926448224,25.5754322357591,23.9846751194185,50 : 26 : 24 %,C/CSR,1,1
Clinopodium nepeta,91910,6.69832557837189,55.5071414226762,37.7945329989519,7 : 56 : 38 %,SR,1,1
Cochlearia anglica,92029,3.83144799246232,82.1618254994509,14.0067265080867,4 : 82 : 14 %,S,0,1
Colchicum bulbocodium,92132,34.0579997907682,11.2813632726641,54.6606369365677,34 : 11 : 55 %,CR/CSR,0,1
Colocasia esculenta,447722,87.8448812485016,0,12.1551187514984,88 : 0 : 12 %,C,0,1
Conringia orientalis,92254,56.3655293187622,0,43.6344706812378,56 : 0 : 44 %,CR,0,1
Convallaria majalis,92282,50.5240337436319,10.8906361498959,38.5853301064722,51 : 11 : 39 %,CR/CSR,1,1
Convolvulus arvensis,92302,31.8291715568378,6.10405640847502,62.0667720346872,32 : 6 : 62 %,R/CR,1,1
Convolvulus lanuginosus,92329,5.14981796329867,87.4482729650815,7.40190907161986,5 : 87 : 7 %,S,0,1
Convolvulus lineatus,92331,30.9021301329564,35.1040852436547,33.9937846233889,31 : 35 : 34 %,CSR,0,1
Cornus sanguinea,92501,32.7170205096885,49.1444674688696,18.1385120214419,33 : 49 : 18 %,CS/CSR,1,1
Coronilla coronata,92515,40.5657260573382,24.9685589960219,34.4657149466399,41 : 25 : 34 %,CR/CSR,0,1
Corydalis solida,92594,32.6386730921016,0,67.3613269078984,33 : 0 : 67 %,R/CR,0,1
Corylus avellana,92606,35.6601008121193,51.1308244406193,13.2090747472615,36 : 51 : 13 %,CS/CSR,1,1
Cota tinctoria,92629,20.6066268363315,37.6825181414453,41.7108550222232,21 : 38 : 42 %,SR/CSR,0,1
Cotoneaster integerrimus,92667,16.1386704887523,70.7806475212064,13.0806819900413,16 : 71 : 13 %,S/CS,0,1
Crambe maritima,92782,48.423575488526,51.576424511474,0,48 : 52 : 0 %,CS,0,1
Crassula helmsii,92793,0,0,100,0 : 0 : 100 %,R,0,1
Crepis aurea,93004,63.4745568250719,0,36.5254431749281,63 : 0 : 37 %,C/CR,0,1
Crepis capillaris,93023,36.7882181830623,0,63.2117818169377,37 : 0 : 63 %,R/CR,0,1
Crepis conyzifolia,93027,40.9157925613911,59.0842074386089,0,41 : 59 : 0 %,CS,0,1
Crithmum maritimum,93190,5.36354319757136,94.6364568024286,0,5 : 95 : 0 %,S,1,1
Crocus vernus,93282,16.8933053166681,56.1800854467711,26.9266092365609,17 : 56 : 27 %,S/CSR,0,1
Cruciata glabra,93307,3.44114308842421,69.7004476925815,26.8584092189943,3 : 70 : 27 %,S/SR,0,1
Cytisus hirsutus,94123,28.9804760076148,6.65870391457547,64.3608200778097,29 : 7 : 64 %,R/CR,0,1
Dactylorhiza maculata,94266,48.3368997909842,0,51.6631002090158,48 : 0 : 52 %,CR,1,1
Dactylorhiza traunsteineri,94287,32.8746481434502,0,67.1253518565498,33 : 0 : 67 %,R/CR,0,1
Danthonia decumbens,94402,12.2197546630589,64.9784411111815,22.8018042257596,12 : 65 : 23 %,S/SR,0,1
Daphne cneorum,94423,1.47705317537261,80.8610174606792,17.6619293639482,1 : 81 : 18 %,S/SR,0,1
Daphne mezereum,94435,22.3422059104889,30.3651649127192,47.2926291767919,22 : 30 : 47 %,R/CSR,1,1
Datura stramonium,94489,75.6197775166341,0,24.3802224833659,76 : 0 : 24 %,C/CR,1,1
Daucus carota,94503,42.1026931126545,35.9709004700878,21.9264064172577,42 : 36 : 22 %,CS/CSR,1,1
Dianthus barbatus,94698,36.4900704314906,34.9930125929308,28.5169169755786,36 : 35 : 29 %,CSR,0,1
Dianthus deltoides,94728,1.51816870408476,60.5325881087764,37.9492431871389,2 : 61 : 38 %,SR,0,1
Digitaria ischaemum,94985,8.89001258149906,0,91.1099874185009,9 : 0 : 91 %,R,0,1
Diospyros virginiana,611108,56.1473280694187,16.1719733278347,27.6806986027466,56 : 16 : 28 %,C/CSR,0,1
Diphasiastrum alpinum,95056,3.24610918851574,96.7538908114843,0,3 : 97 : 0 %,S,0,1
Dipsacus pilosus,95154,54.4719292891691,0,45.5280707108309,54 : 0 : 46 %,CR,0,1
Dittrichia viscosa,95187,28.3449193513702,26.5199564408282,45.1351242078017,28 : 27 : 45 %,R/CSR,1,1
Doronicum austriacum,95209,52.9236099562863,0,47.0763900437137,53 : 0 : 47 %,CR,0,1
Doronicum pardalianches,95239,61.9063512935291,0,38.0936487064708,62 : 0 : 38 %,CR,1,1
Draba verna,95372,3.54778769730601,0,96.452212302694,4 : 0 : 96 %,R,0,1
Drosera intermedia,95438,0,11.8745858681859,88.1254141318141,0 : 12 : 88 %,R,1,1
Dryopteris affinis,95547,76.4341720106856,8.97290902721104,14.5929189621033,76 : 9 : 15 %,C/CR,0,1
Dryopteris expansa,95566,46.2119132601074,23.0891175554159,30.6989691844767,46 : 23 : 31 %,C/CSR,0,1
Dysphania ambrosioides,611753,37.190099516863,2.65255785209963,60.1573426310373,37 : 3 : 60 %,CR,1,1
Echinops exaltatus,95700,53.3122616032183,32.8593933918455,13.8283450049362,53 : 33 : 14 %,C/CSR,0,1
Echinops ritro,95709,62.5198772392112,37.4801227607888,0,63 : 37 : 0 %,C/CS,0,1
Elaeagnus umbellata,95841,21.5094686113479,47.4890701859348,31.0014612027173,22 : 47 : 31 %,S/CSR,0,1
Elatine hydropiper,95860,0,0,100,0 : 0 : 100 %,R,0,1
Eleocharis ovata,95919,24.218052658315,0,75.781947341685,24 : 0 : 76 %,R/CR,0,1
Eleusine indica,95965,14.1145858732649,33.6665849061948,52.2188292205403,14 : 34 : 52 %,SR/CSR,0,1
Elymus caninus,95992,18.2669884513053,50.8121768293858,30.9208347193089,18 : 51 : 31 %,S/CSR,0,1
Empetrum nigrum,96069,0,100,0,0 : 100 : 0 %,S,0,1
Ephedra major,96106,6.53970687940358,93.4602931205964,0,7 : 93 : 0 %,S,0,1
Epilobium alpestre,96127,18.8992452578721,24.5314051707321,56.5693495713958,19 : 25 : 57 %,R/CSR,0,1
Epilobium ciliatum,96149,30.0544619934334,0,69.9455380065666,30 : 0 : 70 %,R/CR,0,1
Epilobium roseum,96251,21.2605792882928,0,78.7394207117072,21 : 0 : 79 %,R/CR,1,1
Epipactis palustris,96465,44.5258614634083,13.6061315564626,41.8680069801291,45 : 14 : 42 %,CR/CSR,0,1
Equisetum sylvaticum,96545,9.92595800985948,46.6767352760002,43.3973067141403,10 : 47 : 43 %,SR,1,1
Eragrostis minor,96613,11.4703848405438,50.4464439178247,38.0831712416315,11 : 50 : 38 %,SR/CSR,0,1
Erica multiflora,96683,6.49350081637683,93.5064991836232,0,6 : 94 : 0 %,S,0,1
Erigeron acris,611688,24.1413847097057,25.1643087220379,50.6943065682564,24 : 25 : 51 %,R/CSR,1,1
Erigeron alpinus,96736,12.38264527446,45.8766093552397,41.7407453703003,12 : 46 : 42 %,SR/CSR,0,1
Erigeron annuus,96739,21.0217130710179,33.1499577647289,45.8283291642532,21 : 33 : 46 %,SR/CSR,0,1
Erigeron canadensis,96749,20.3487921671887,61.8897995607474,17.7614082720639,20 : 62 : 18 %,S/CSR,1,1
Erigeron karvinskianus,96775,15.0397455553284,13.2229372403033,71.7373172043683,15 : 13 : 72 %,R/CR,0,1
Eritrichium nanum,96872,0,100,0,0 : 100 : 0 %,S,0,1
Erodium ciconium,96894,37.1887225124799,20.3545767045435,42.4567007829766,37 : 20 : 42 %,CR/CSR,0,1
Erodium cicutarium,96895,21.1456064663219,20.3617288740615,58.4926646596166,21 : 20 : 58 %,R/CSR,1,1
Erodium malacoides,96919,21.5854942984283,24.7774349933425,53.6370707082292,22 : 25 : 54 %,R/CSR,0,1
Eryngium campestre,97141,80.0967849397897,19.9032150602103,0,80 : 20 : 0 %,C/CS,1,1
Eryngium maritimum,97145,29.7571774093118,70.2428225906882,0,30 : 70 : 0 %,S/CS,0,1
Erysimum cheiranthoides,97183,28.3158866925062,30.7001129659051,40.9840003415887,28 : 31 : 41 %,CSR,0,1
Erythronium dens-canis,97325,52.4485614582969,0,47.5514385417031,52 : 0 : 48 %,CR,0,1
Eucalyptus delegatensis,611735,25.327981462262,74.672018537738,0,25 : 75 : 0 %,S/CS,0,1
Euonymus europaeus,609982,27.564772925766,54.0985868342845,18.3366402399495,28 : 54 : 18 %,S/CSR,1,1
Euphorbia amygdaloides,97452,14.9640978236478,31.8660502109659,53.1698519653864,15 : 32 : 53 %,R/CSR,1,1
Euphorbia characias,97478,32.996939602577,60.8013170372587,6.20174336016435,33 : 61 : 6 %,S/CS,0,1
Euphorbia dendroides,97492,16.4796920813271,50.2987447537154,33.2215631649575,16 : 50 : 33 %,SR/CSR,0,1
Euphorbia exigua,97511,0,37.4627639054329,62.5372360945671,0 : 37 : 63 %,R/SR,0,1
Euphorbia humifusa,97543,4.43826083463483,70.177220863351,25.3845183020141,4 : 70 : 25 %,S/SR,0,1
Euphorbia palustris,97601,17.368774250688,54.1076541523546,28.5235715969574,17 : 54 : 29 %,S/CSR,1,1
Euphrasia minima,97772,0,95.381391472883,4.61860852711701,0 : 95 : 5 %,S,0,1
Euphrasia nemorosa,97776,1.5580581642195,46.5175833884496,51.9243584473309,2 : 47 : 52 %,SR,1,1
Euphrasia officinalis,97781,3.06403946988033,54.8550457974372,42.0809147326825,3 : 55 : 42 %,SR,1,1
Euthamia graminifolia,97862,16.8668431128509,65.2043442594412,17.928812627708,17 : 65 : 18 %,S/CSR,0,1
Falcaria vulgaris,97956,74.4952648179491,11.3911238025762,14.1136113794747,74 : 11 : 14 %,C/CR,0,1
Fallopia convolvulus,97962,23.1334818252262,25.0587200724725,51.8077981023013,23 : 25 : 52 %,R/CSR,0,1
Festuca halleri,98272,0,94.4947313356353,5.50526866436473,0 : 94 : 6 %,S,0,1
Festuca heterophylla,98280,11.7978974080773,57.1175353971113,31.0845671948114,12 : 57 : 31 %,S/CSR,0,1
Festuca nigrescens,98404,6.34560690013055,75.2759804650375,18.378412634832,6 : 75 : 18 %,S/SR,0,1
Festuca pallens,98426,6.97722492667218,93.0227750733278,0,7 : 93 : 0 %,S,0,1
Ficaria verna,98651,32.3646807692438,0,67.6353192307562,32 : 0 : 68 %,R/CR,1,1
Ficus carica,98653,69.8088049166205,26.1038297821509,4.0873653012286,70 : 26 : 4 %,C/CS,1,1
Filago pyramidata,98699,1.23665459351473,46.0706465520372,52.6926988544481,1 : 46 : 53 %,SR,0,1
Fragaria viridis,98868,20.7143016334644,57.6625855763289,21.6231127902067,21 : 58 : 22 %,S/CSR,0,1
Fraxinus pennsylvanica,98939,50.2628491829409,22.899607657178,26.8375431598811,50 : 23 : 27 %,C/CSR,0,1
Fumaria parviflora,99111,33.6603595580689,0,66.3396404419311,34 : 0 : 66 %,R/CR,0,1
Fumaria vaillantii,99139,10.2363913358687,0,89.7636086641313,10 : 0 : 90 %,R,0,1
Gagea lutea,99185,41.0661539284291,0,58.9338460715709,41 : 0 : 59 %,CR,0,1
Gagea spathacea,99206,17.2107584364412,0,82.7892415635588,17 : 0 : 83 %,R/CR,0,1
Galatella linosyris,99244,5.45451396877093,81.4736248585954,13.0718611726337,5 : 81 : 13 %,S,1,1
Galega officinalis,99260,40.5569596669928,43.2199710087441,16.2230693242631,41 : 43 : 16 %,CS/CSR,1,1
Galeopsis speciosa,99331,34.9575045071714,24.9106311792046,40.131864313624,35 : 25 : 40 %,CR/CSR,0,1
Galeopsis tetrahit,99334,30.4635179842845,0,69.5364820157154,30 : 0 : 70 %,R/CR,1,1
Galinsoga quadriradiata,99359,31.5976828213485,0,68.4023171786515,32 : 0 : 68 %,R/CR,0,1
Galium aparine,99373,33.2510860118632,4.27629050434647,62.4726234837903,33 : 4 : 62 %,R/CR,1,1
Galium glaucum,99429,3.52820409448336,48.5831432176046,47.888652687912,4 : 49 : 48 %,SR,0,1
Galium saxatile,99529,0,22.2552947299303,77.7447052700697,0 : 22 : 78 %,R/SR,0,1
Galium verticillatum,99581,0,74.0058352962503,25.9941647037497,0 : 74 : 26 %,S/SR,0,1
Genista tinctoria,99828,10.1980419156845,59.1505787190532,30.6513793652622,10 : 59 : 31 %,S/CSR,1,1
Gentiana asclepiadea,99862,35.0527725690942,13.2597854713007,51.6874419596052,35 : 13 : 52 %,CR/CSR,0,1
Gentiana pneumonanthe,99922,9.22803811507777,50.5098384724075,40.2621234125147,9 : 51 : 40 %,SR,1,1
Geranium dissectum,100052,16.7913649260988,29.482480480602,53.7261545932992,17 : 29 : 54 %,R/CSR,0,1
Geranium pusillum,100133,38.5278807314509,12.7362854298601,48.735833838689,39 : 13 : 49 %,CR/CSR,0,1
Geum montanum,100208,29.7947459214514,70.2052540785486,0,30 : 70 : 0 %,S/CS,1,1
Geum reptans,100214,26.6865409956715,64.6131170579706,8.70034194635783,27 : 65 : 9 %,S/CS,0,1
Geum urbanum,100225,40.4602860441928,27.4952153930278,32.0444985627794,40 : 27 : 32 %,CSR,1,1
Gladiolus imbricatus,100273,42.9476592813708,37.2969659639823,19.7553747546469,43 : 37 : 20 %,CS/CSR,0,1
Gladiolus palustris,100278,40.3048492187003,33.3697539517287,26.325396829571,40 : 33 : 26 %,CSR,0,1
Glebionis segetum,100304,24.4524545793512,0,75.5475454206488,24 : 0 : 76 %,R/CR,0,1
Gleditsia triacanthos,100330,59.3366035069342,25.9369607168734,14.7264357761924,59 : 26 : 15 %,C/CSR,0,1
Globularia bisnagarica,100338,24.6632148288324,75.3367851711676,0,25 : 75 : 0 %,S/CS,0,1
Globularia vulgaris,100356,8.3905105314166,91.6094894685834,0,8 : 92 : 0 %,S,0,1
Gymnadenia nigra,100613,23.2649684012949,0,76.7350315987051,23 : 0 : 77 %,R/CR,1,1
Gymnadenia odoratissima,100614,37.7117586213306,0,62.2882413786694,38 : 0 : 62 %,CR,0,1
Gymnocarpium dryopteris,100636,36.1959033808201,16.5455113571892,47.2585852619907,36 : 17 : 47 %,CR/CSR,0,1
Hedysarum hedysaroides,100839,6.53637621243388,43.8714672448754,49.5921565426907,7 : 44 : 50 %,SR,0,1
Helianthemum marifolium,100946,0,100,0,0 : 100 : 0 %,S,0,1
Helianthus tuberosus,101055,55.1054268771672,25.9048502301117,18.9897228927211,55 : 26 : 19 %,C/CSR,0,1
Helichrysum stoechas,101101,3.93330336727602,80.5649134736467,15.5017831590773,4 : 81 : 16 %,S/SR,1,1
Helleborus niger,101196,79.9156858548205,17.4402043774499,2.64410976772964,80 : 17 : 3 %,C/CS,0,1
Helminthotheca echioides,101210,52.0668016804336,0,47.9331983195664,52 : 0 : 48 %,CR,0,1
Helosciadium nodiflorum,101221,40.4916871861209,0,59.5083128138791,40 : 0 : 60 %,CR,0,1
Heracleum sphondylium,101300,77.0772485534502,9.60000969314376,13.322741753406,77 : 10 : 13 %,C/CR,1,1
Herminium monorchis,101315,15.771218410278,0,84.228781589722,16 : 0 : 84 %,R,0,1
Hieracium humile,102055,39.7977909786168,4.70172244620476,55.5004865751785,40 : 5 : 56 %,CR,0,1
Hieracium maculatum,102189,51.3024602711511,5.81422763581236,42.8833120930365,51 : 6 : 43 %,CR,0,1
Hieracium prenanthoides,102392,35.96506241818,19.2705538660235,44.7643837157965,36 : 19 : 45 %,CR/CSR,0,1
Hippocrepis comosa,102842,13.6893211945707,52.0237727669238,34.2869060385055,14 : 52 : 34 %,SR/CSR,0,1
Hippocrepis emerus,102845,28.1882398611129,12.1582377182733,59.6535224206138,28 : 12 : 60 %,R/CSR,0,1
Hirschfeldia incana,102876,60.899274495093,0,39.100725504907,61 : 0 : 39 %,CR,0,1
Homogyne alpina,102925,25.4967218478477,74.5032781521523,0,25 : 75 : 0 %,S/CS,0,1
Hordeum jubatum,102964,9.7123328042585,50.7031440366507,39.5845231590908,10 : 51 : 40 %,SR,0,1
Hordeum marinum,102968,3.87090884734501,32.3662745217329,63.7628166309221,4 : 32 : 64 %,R/SR,0,1
Hydrocharis morsus-ranae,103120,32.025839081446,0,67.974160918554,32 : 0 : 68 %,R/CR,0,1
Hydrocotyle vulgaris,103142,28.0908104238522,0,71.9091895761478,28 : 0 : 72 %,R/CR,0,1
Hylotelephium telephium,103162,10.2945638824982,78.0953705003402,11.6100656171617,10 : 78 : 12 %,S/SR,1,1
Hyparrhenia hirta,103216,11.7984726358424,73.4391666528128,14.7623607113448,12 : 73 : 15 %,S/SR,0,1
Hypericum humifusum,103288,3.15303334005223,32.0079338713896,64.8390327885582,3 : 32 : 65 %,R/SR,0,1
Hypericum montanum,103301,16.4761540037926,42.5247293903499,40.9991166058575,16 : 43 : 41 %,SR/CSR,0,1
Hypericum pulchrum,103320,4.53422927906012,63.9252643122497,31.5405064086902,5 : 64 : 32 %,S/SR,1,1
Hypochaeris glabra,103364,32.8501387049945,0,67.1498612950055,33 : 0 : 67 %,R/CR,0,1
Hypochaeris maculata,103369,63.8333653999733,2.12427292868583,34.0423616713408,64 : 2 : 34 %,C/CR,0,1
Hypochaeris uniflora,103383,46.3474136426917,0,53.6525863573083,46 : 0 : 54 %,CR,0,1
Impatiens balfourii,103543,46.8637271977028,0,53.1362728022972,47 : 0 : 53 %,CR,0,1
Inula britannica,103598,55.3987155489598,0,44.6012844510402,55 : 0 : 45 %,CR,0,1
Inula helenium,103627,64.7807031379331,25.6970136433995,9.52228321866742,65 : 26 : 10 %,C/CS,1,1
Inula salicina,103648,25.2233310756703,36.6622250534355,38.1144438708942,25 : 37 : 38 %,CSR,0,1
Iris graminea,103738,35.5034823354834,33.3798447308904,31.1166729336262,36 : 33 : 31 %,CSR,0,1
Iris sibirica,103777,46.3978572771156,38.192084967419,15.4100577554654,46 : 38 : 15 %,CS/CSR,0,1
Isolepis setacea,103898,4.49258517024393,6.13720871960021,89.3702061101559,4 : 6 : 89 %,R,0,1
Jacobaea alpina,610648,62.4642254689361,8.34989811904878,29.1858764120151,62 : 8 : 29 %,C/CR,1,1
Jacobaea incana,610642,25.6485794113473,54.8649548386655,19.4864657499872,26 : 55 : 19 %,S/CSR,1,1
Jacobaea maritima,610643,43.754956780737,56.245043219263,0,44 : 56 : 0 %,CS,1,1
Jacobaea paludosa,103995,52.9975964098174,12.6057890390421,34.3966145511405,53 : 13 : 34 %,CR/CSR,0,1
Juncus acutiflorus,104101,45.2037000279043,48.9048660712886,5.89143390080714,45 : 49 : 6 %,CS,0,1
Juncus alpinoarticulatus,104111,4.40244383316762,65.5211837337735,30.0763724330589,4 : 66 : 30 %,S/SR,0,1
Juncus articulatus,104126,22.431537456318,64.8724602488263,12.6960022948556,22 : 65 : 13 %,S/CS,0,1
Juncus compressus,104155,11.7428880538923,67.1319509671213,21.1251609789864,12 : 67 : 21 %,S/SR,0,1
Juncus maritimus,104246,18.7478296234115,81.2521703765885,0,19 : 81 : 0 %,S/CS,0,1
Juniperus communis,104397,0,100,0,0 : 100 : 0 %,S,1,1
Kickxia elatine,104502,10.6638674828602,4.52665699129365,84.8094755258461,11 : 5 : 85 %,R,1,1
Koeleria macrantha,104644,8.1804730388489,70.4080110655046,21.4115158956465,8 : 70 : 21 %,S/SR,0,1
Laburnum alpinum,104715,40.1422035622838,40.6861726079811,19.1716238297351,40 : 41 : 19 %,CS/CSR,0,1
Laburnum anagyroides,104716,36.5520875368182,34.8187315503447,28.629180912837,37 : 35 : 29 %,CSR,0,1
Lactuca quercina,104766,40.382125824315,2.52209706693861,57.0957771087464,40 : 3 : 57 %,CR,0,1
Lactuca virosa,104787,64.4289964832091,4.60114413601292,30.969859380778,64 : 5 : 31 %,C/CR,1,1
Lamium galeobdolon,104876,34.3897095541605,24.1410219104758,41.4692685353637,34 : 24 : 41 %,CR/CSR,1,1
Laphangium luteoalbum,610681,8.58155473618581,15.9252605810899,75.4931846827243,9 : 16 : 75 %,R/SR,0,1
Larix decidua,105042,0,97.4520733436868,2.5479266563132,0 : 97 : 3 %,S,1,1
Laserpitium siler,105092,61.3237031822517,31.8200187008458,6.85627811690243,61 : 32 : 7 %,C/CS,0,1
Lathyrus hirsutus,105201,20.7259769854882,25.5786140790879,53.6954089354239,21 : 26 : 54 %,R/CSR,0,1
Lathyrus japonicus,105206,47.9987992290644,22.7547945686468,29.2464062022888,48 : 23 : 29 %,C/CSR,0,1
Lathyrus pannonicus,105241,26.5176643927305,48.3780565421824,25.1042790650871,27 : 48 : 25 %,S/CSR,0,1
Leersia oryzoides,105400,17.5313392594829,47.3373722539553,35.1312884865618,18 : 47 : 35 %,SR/CSR,0,1
Lemna minor,105431,0,0,100,0 : 0 : 100 %,R,1,1
Leontodon crispus,105490,40.2077967998819,0,59.7922032001181,40 : 0 : 60 %,CR,0,1
Leontodon hispidus,105502,40.7103420362938,0,59.2896579637062,41 : 0 : 59 %,CR,0,1
Leontodon saxatilis,105521,30.9554631323595,2.00549423720508,67.0390426304354,31 : 2 : 67 %,R/CR,0,1
Lepidium coronopus,984396,20.0771868560952,0,79.9228131439048,20 : 0 : 80 %,R/CR,0,1
Lepidium didymum,105615,19.793312798745,1.2186963702614,78.9879908309936,20 : 1 : 79 %,R/CR,0,1
Lepidium latifolium,105641,80.3126859063301,0,19.6873140936699,80 : 0 : 20 %,C/CR,0,1
Lepidium sativum,105673,33.0908853803939,0,66.9091146196061,33 : 0 : 67 %,R/CR,0,1
Lepidium virginicum,105689,15.0550858782675,29.1470233266297,55.7978907951028,15 : 29 : 56 %,R/CSR,0,1
Leucanthemum ircutianum,105795,33.5719649794813,0,66.4280350205187,34 : 0 : 66 %,R/CR,0,1
Leucojum vernum,105841,50.0213148566209,0,49.9786851433791,50 : 0 : 50 %,CR,0,1
Libanotis pyrenaica,610580,69.169456358455,2.78861023889124,28.0419334026538,69 : 3 : 28 %,C/CR,0,1
Ligularia sibirica,105908,53.225147888083,20.1267151311037,26.6481369808133,53 : 20 : 27 %,C/CSR,0,1
Lilium martagon,105989,49.0503298461695,0,50.9496701538305,49 : 0 : 51 %,CR,1,1
Limonium binervosum,106047,10.0546203364047,69.4421405860171,20.5032390775782,10 : 69 : 21 %,S/SR,0,1
Limonium echioides,106070,8.04072210621031,84.8193978745394,7.13988001925028,8 : 85 : 7 %,S,0,1
Limonium vulgare,106112,61.0040859952415,33.1218431787944,5.87407082596413,61 : 33 : 6 %,C/CS,0,1
Linnaea borealis,106260,3.90687164051273,57.7928524998735,38.3002758596138,4 : 58 : 38 %,SR,0,1
Linum austriacum,106280,0,81.1523038819747,18.8476961180253,0 : 81 : 19 %,S/SR,0,1
Linum usitatissimum,106349,1.97000765140062,6.40596252743563,91.6240298211637,2 : 6 : 92 %,R,0,1
Lithospermum officinale,106396,29.0548507396077,28.1005086559229,42.8446406044694,29 : 28 : 43 %,CSR,1,1
Lolium remotum,106504,44.1175215105881,2.56474506240346,53.3177334270084,44 : 3 : 53 %,CR,0,1
Lolium temulentum,106517,34.1014165918837,21.5576962359193,44.340887172197,34 : 22 : 44 %,CR/CSR,0,1
Lonicera japonica,106571,26.2497665178266,52.5887724398459,21.1614610423275,26 : 53 : 21 %,S/CSR,0,1
Lotus dorycnium,106664,9.16873350997019,63.9199124944578,26.911353995572,9 : 64 : 27 %,S/SR,0,1
Luzula multiflora,106842,11.2234229248214,40.4000043723728,48.3765727028058,11 : 40 : 48 %,SR/CSR,0,1
Lychnis coronaria,106910,34.8421836679907,55.3757158272113,9.78210050479803,35 : 55 : 10 %,CS,0,1
Lysimachia arvensis,610909,4.04165120899999,0,95.958348791,4 : 0 : 96 %,R,1,1
Lysimachia tenella,107085,0,0,100,0 : 0 : 100 %,R,0,1
Lythrum virgatum,107126,13.6104548853434,78.5359765103052,7.85356860435141,14 : 79 : 8 %,S/CS,0,1
Malus sylvestris,107217,20.7137559412303,69.1689556532984,10.1172884054712,21 : 69 : 10 %,S/CS,1,1
Malva alcea,107224,51.7468912226017,0,48.2531087773983,52 : 0 : 48 %,CR,1,1
Malva sylvestris,107318,58.682692244967,4.13803550611528,37.1792722489177,59 : 4 : 37 %,CR,1,1
Matricaria discoidea,107446,24.1984211635324,0,75.8015788364676,24 : 0 : 76 %,R/CR,1,1
Medicago littoralis,107647,4.27256671474182,51.903339621168,43.8240936640902,4 : 52 : 44 %,SR,0,1
Medicago marina,107654,6.1665737468886,79.043331410227,14.7900948428844,6 : 79 : 15 %,S/SR,0,1
Medicago orbicularis,107677,8.49292179461159,36.2217991932215,55.2852790121669,8 : 36 : 55 %,SR,0,1
Medicago polyceratia,107688,5.25256326876645,68.9686879884058,25.7787487428277,5 : 69 : 26 %,S/SR,0,1
Medicago polymorpha,107689,17.0507622352409,27.8378504783027,55.1113872864564,17 : 28 : 55 %,R/CSR,0,1
Melampyrum arvense,107786,23.592272591712,18.8623719241024,57.5453554841856,24 : 19 : 58 %,R/CSR,1,1
Melica ciliata,107851,11.2256519227596,61.7453060126491,27.0290420645913,11 : 62 : 27 %,S/SR,0,1
Mentha longifolia,108103,28.6669277014379,33.1301433756898,38.2029289228723,29 : 33 : 38 %,CSR,1,1
Mentha suaveolens,108168,34.9492388918186,10.8623211313636,54.1884399768177,35 : 11 : 54 %,CR/CSR,1,1
Mercurialis tomentosa,108367,6.16912727773411,93.8308727222659,0,6 : 94 : 0 %,S,0,1
Milium effusum,108537,32.9991127653802,23.5476013689302,43.4532858656896,33 : 24 : 43 %,CR/CSR,0,1
Minuartia recurva,108612,0,78.5092227374288,21.4907772625712,0 : 79 : 21 %,S/SR,0,1
Moehringia muscosa,108686,0,13.6080366322309,86.3919633677691,0 : 14 : 86 %,R,0,1
Montia fontana,108785,3.26637413219092,0,96.7336258678091,3 : 0 : 97 %,R,0,1
Mutellina adonidifolia,610917,60.3533101920971,0,39.6466898079029,60 : 0 : 40 %,CR,0,1
Myagrum perfoliatum,108948,38.0778437256163,0,61.9221562743837,38 : 0 : 62 %,CR,0,1
Myosotis discolor,109019,9.04894900970509,0,90.9510509902949,9 : 0 : 91 %,R,0,1
Myosotis laxa,109042,16.3161696489113,0,83.6838303510887,16 : 0 : 84 %,R/CR,0,1
Myosotis sylvatica,109104,25.2399784435215,0,74.7600215564785,25 : 0 : 75 %,R/CR,1,1
Myriophyllum aquaticum,109141,9.87255480181532,0,90.1274451981847,10 : 0 : 90 %,R,0,1
Neotinea tridentata,162206,51.0523476057436,0,48.9476523942565,51 : 0 : 49 %,CR,0,1
Nepeta nuda,109534,30.4494186996151,35.1899721688074,34.3606091315774,30 : 35 : 34 %,CSR,0,1
Nicandra physalodes,109600,54.8219906723219,0,45.1780093276781,55 : 0 : 45 %,CR,0,1
Noccaea alpestris,109665,1.54440702777679,76.7740957865864,21.6814971856368,2 : 77 : 22 %,S/SR,0,1
Nuphar pumila,109735,72.5673526084645,0,27.4326473915355,73 : 0 : 27 %,C/CR,1,1
Nymphoides peltata,109769,61.3207896505747,0,38.6792103494253,61 : 0 : 39 %,CR,0,1
Odontites luteus,109838,2.38156451974063,45.4122353400275,52.2062001402319,2 : 45 : 52 %,SR,0,1
Oenanthe crocata,109864,57.0551893759144,0,42.9448106240856,57 : 0 : 43 %,CR,0,1
Olea europaea,110002,12.3746905032403,87.6253094967597,0,12 : 88 : 0 %,S,0,1
Ononis minutissima,110205,4.25024493533507,84.9537425683424,10.7960124963225,4 : 85 : 11 %,S,0,1
Ononis pusilla,110221,0,82.9131420838078,17.0868579161922,0 : 83 : 17 %,S/SR,0,1
Ononis striata,110237,0,66.0753881800637,33.9246118199364,0 : 66 : 34 %,S/SR,0,1
Ononis variegata,110239,5.31100562450296,0,94.6889943754971,5 : 0 : 95 %,R,0,1
Onosma arenaria,110290,26.816836389417,52.0408328727826,21.1423307378004,27 : 52 : 21 %,S/CSR,0,1
Ophioglossum vulgatum,110313,44.2280489371069,0,55.7719510628931,44 : 0 : 56 %,CR,0,1
Orchis mascula,110914,56.2532974579027,0,43.7467025420973,56 : 0 : 44 %,CR,1,1
Orchis militaris,110920,64.8518807883242,0,35.1481192116758,65 : 0 : 35 %,C/CR,0,1
Oreochloa disticha,111233,1.80643561345327,98.1935643865467,0,2 : 98 : 0 %,S,0,1
Orlaya platycarpos,111301,13.7336511938502,42.1918806883708,44.074468117779,14 : 42 : 44 %,SR/CSR,0,1
Ornithogalum umbellatum,111391,53.1892727637321,0,46.8107272362679,53 : 0 : 47 %,CR,1,1
Ornithopus perpusillus,111419,8.17653160657193,23.751002524391,68.0724658690371,8 : 24 : 68 %,R/SR,0,1
Oryza sativa,111793,37.415677877313,36.8275983710164,25.7567237516705,37 : 37 : 26 %,CSR,0,1
Oxalis corniculata,111876,23.1930153718896,2.98721080037046,73.81977382774,23 : 3 : 74 %,R/CR,0,1
Pancratium maritimum,112070,24.1198009051262,74.8044414044246,1.07575769044918,24 : 75 : 1 %,S/CS,0,1
Panicum virgatum,112259,23.3058516641935,61.4417827383523,15.2523655974543,23 : 61 : 15 %,S/CSR,0,1
Papaver rhoeas,112355,23.0301903988019,19.929227511333,57.0405820898651,23 : 20 : 57 %,R/CSR,1,1
Parietaria judaica,112410,34.6773708534704,10.4456735588715,54.8769555876581,35 : 10 : 55 %,CR,1,1
Paronychia arabica,112428,0,77.0486593887728,22.9513406112272,0 : 77 : 23 %,S/SR,0,1
Paronychia argentea,112429,0,55.7218474334051,44.2781525665949,0 : 56 : 44 %,SR,0,1
Paronychia capitata,112431,0,74.0882285952752,25.9117714047248,0 : 74 : 26 %,S/SR,0,1
Pedicularis gyroflexa,997256,21.7143276926272,62.5405151141638,15.745157193209,22 : 63 : 16 %,S/CSR,0,1
Pedicularis kerneri,112584,14.7815268729094,44.6657951045159,40.5526780225747,15 : 45 : 41 %,SR/CSR,0,1
Pedicularis pyrenaica,112591,4.74794317629381,42.5878222449935,52.6642345787127,5 : 43 : 53 %,SR,0,1
Pedicularis tuberosa,112602,24.0503851454293,52.5416731250091,23.4079417295616,24 : 53 : 23 %,S/CSR,0,1
Persicaria amphibia,112727,41.9905643078952,28.6163150761513,29.3931206159535,42 : 29 : 29 %,CSR,0,1
Petasites albus,112778,73.5724121649981,0,26.4275878350019,74 : 0 : 26 %,C/CR,0,1
Petasites hybridus,112783,87.2775236719803,4.7790655242824,7.94341080373726,87 : 5 : 8 %,C,1,1
Petrocallis pyrenaica,112803,0,98.3841779654995,1.61582203450054,0 : 98 : 2 %,S,0,1
Phagnalon saxatile,112935,0,100,0,0 : 100 : 0 %,S,0,1
Phegopteris connectilis,113079,45.9394791990453,6.0461723979111,48.0143484030436,46 : 6 : 48 %,CR,0,1
Philadelphus coronarius,113134,41.3262600727586,28.6256176443686,30.0481222828729,41 : 29 : 30 %,CSR,0,1
Phleum phleoides,113219,11.511742943613,65.5661266853992,22.9221303709878,12 : 66 : 23 %,S/SR,0,1
Phlomis lychnitis,113243,34.2092278534163,65.7907721465837,0,34 : 66 : 0 %,S/CS,0,1
Phyla nodiflora,113294,24.7989394012738,0,75.2010605987262,25 : 0 : 75 %,R/CR,0,1
Physostegia virginiana,1032086,27.4013253178003,72.5986746821997,0,27 : 73 : 0 %,S/CS,0,1
Phyteuma spicatum,113407,42.2431455624921,0,57.7568544375079,42 : 0 : 58 %,CR,0,1
Picris hieracioides,113474,41.6971908394102,7.16792200175226,51.1348871588375,42 : 7 : 51 %,CR,0,1
Pilosella officinarum,113525,32.7232154708302,43.3045700133912,23.9722145157786,33 : 43 : 24 %,CS/CSR,1,1
Pilularia globulifera,113547,0,0,100,0 : 0 : 100 %,R,0,1
Pinguicula alpina,113609,5.5870319266513,0,94.4129680733487,6 : 0 : 94 %,R,0,1
Pinguicula vulgaris,113639,10.8972722907522,0,89.1027277092478,11 : 0 : 89 %,R,0,1
Pinus brutia,162292,26.7889778849144,73.2110221150856,0,27 : 73 : 0 %,S/CS,0,1
Pinus pinaster,113689,18.6660558532933,81.3339441467067,0,19 : 81 : 0 %,S/CS,1,1
Pittosporum undulatum,113786,35.1086805511036,64.8913194488964,0,35 : 65 : 0 %,S/CS,0,1
Plantago arenaria,113809,22.2912067882576,0,77.7087932117424,22 : 0 : 78 %,R/CR,1,1
Plantago argentea,113810,34.603989424935,41.2247025872805,24.1713079877845,35 : 41 : 24 %,CS/CSR,0,1
Plantago major,113904,61.671704163324,7.99128323526398,30.337012601412,62 : 8 : 30 %,C/CR,1,1
Platanthera chlorantha,114012,51.28357681449,0,48.71642318551,51 : 0 : 49 %,CR,0,1
Platycladus orientalis,114037,11.9272510913353,88.0727489086647,0,12 : 88 : 0 %,S,0,1
Poa chaixii,114153,11.8150833375923,59.4316845653344,28.7532320970733,12 : 59 : 29 %,S/CSR,0,1
Poa trivialis,114416,24.5765189224081,36.4313531403505,38.9921279372414,25 : 36 : 39 %,SR/CSR,0,1
Polygala amarella,114526,5.23804644647985,26.882294942331,67.8796586111892,5 : 27 : 68 %,R/SR,0,1
Polygala serpyllifolia,114589,3.93198344513755,24.9923032220951,71.0757133327673,4 : 25 : 71 %,R/SR,0,1
Polygonatum multiflorum,114611,32.096744229042,0,67.903255770958,32 : 0 : 68 %,R/CR,1,1
Polygonum maritimum,114779,14.419605336757,73.8158458522719,11.7645488109711,14 : 74 : 12 %,S/CS,0,1
Polypodium vulgare,115016,34.8642912865681,53.3748399972729,11.7608687161591,35 : 53 : 12 %,CS/CSR,1,1
Polystichum lonchitis,115061,46.7111948758593,43.5328513439346,9.75595378020611,47 : 44 : 10 %,CS,0,1
Pontederia cordata,115096,70.1011585090952,12.4662024563566,17.4326390345482,70 : 12 : 17 %,C/CR,0,1
Populus alba,115110,36.2343127349979,57.4202634091748,6.34542385582725,36 : 57 : 6 %,CS,1,1
Populus tremula,115156,31.0602009698073,57.8891802288513,11.0506188013414,31 : 58 : 11 %,S/CSR,1,1
Potamogeton berchtoldii,115233,2.14259777469423,0,97.8574022253058,2 : 0 : 98 %,R,0,1
Potamogeton crispus,115245,17.4376622280213,2.68759427303105,79.8747434989477,17 : 3 : 80 %,R/CR,0,1
Potamogeton polygonifolius,115301,28.3357416029143,22.4541874922065,49.2100709048792,28 : 22 : 49 %,R/CSR,0,1
Potentilla aurea,115414,15.7555906534696,52.6158411430321,31.6285682034984,16 : 53 : 32 %,S/CSR,0,1
Potentilla caulescens,115431,28.6862605892543,34.4522603708067,36.861479039939,29 : 34 : 37 %,CSR,0,1
Potentilla intermedia,115530,22.2911931268683,48.6256763137482,29.0831305593836,22 : 49 : 29 %,S/CSR,0,1
Potentilla norvegica,115575,30.6987912790095,42.149291433631,27.1519172873595,31 : 42 : 27 %,CSR,0,1
Poterium sanguisorba,115789,20.8198027291775,56.8448810710599,22.3353161997626,21 : 57 : 22 %,S/CSR,1,1
Prospero autumnale,115975,20.31060351583,0,79.68939648417,20 : 0 : 80 %,R/CR,0,1
Prunella grandiflora,1030499,35.6949295321364,25.693527487598,38.6115429802656,36 : 26 : 39 %,CSR,0,1
Prunella laciniata,115998,5.88919603361133,48.7591616326034,45.3516423337853,6 : 49 : 45 %,SR,0,1
Prunus persica,116112,33.3023028550118,49.6460537894227,17.0516433555655,33 : 50 : 17 %,CS/CSR,0,1
Pseudorchis albida,116206,38.9554245902903,0,61.0445754097097,39 : 0 : 61 %,CR,0,1
Pulicaria dysenterica,116392,35.2188340357053,0,64.7811659642947,35 : 0 : 65 %,R/CR,1,1
Pulsatilla vulgaris,116460,50.5630850429926,44.8263863430743,4.61052861393313,51 : 45 : 5 %,CS,1,1
Pyrola media,116542,20.3599951383474,54.4875812655593,25.1524235960933,20 : 54 : 25 %,S/CSR,0,1
Pyrus spinosa,116610,13.7247542343251,85.9635199636151,0.311725802059876,14 : 86 : 0 %,S,0,1
Quercus coccifera,116672,29.7823227592599,70.2176772407401,0,30 : 70 : 0 %,S/CS,0,1
Quercus rubra,116762,56.6692748943457,31.5365671130593,11.7941579925951,57 : 32 : 12 %,C/CSR,0,1
Rabelera holostea,999933,18.0632091289032,1.00071275744846,80.9360781136484,18 : 1 : 81 %,R/CR,1,1
Ranunculus aconitifolius,116902,74.0355313450062,0,25.9644686549938,74 : 0 : 26 %,C/CR,0,1
Ranunculus breyninus,116948,37.3262537348699,28.7318564776578,33.9418897874723,37 : 29 : 34 %,CSR,0,1
Ranunculus flammula,117025,32.6020562089975,12.142636153508,55.2553076374945,33 : 12 : 55 %,R/CSR,0,1
Ranunculus fluitans,117027,34.0043852386349,0,65.9956147613651,34 : 0 : 66 %,R/CR,0,1
Ranunculus lateriflorus,117090,18.9919033265372,12.3753094650775,68.6327872083853,19 : 12 : 69 %,R/CR,0,1
Ranunculus platanifolius,117174,77.2036746904134,4.54077403865212,18.2555512709345,77 : 5 : 18 %,C/CR,0,1
Ranunculus sceleratus,117224,40.3488338053931,0,59.6511661946069,40 : 0 : 60 %,CR,1,1
Rapistrum rugosum,117393,27.47387376547,0,72.52612623453,27 : 0 : 73 %,R/CR,0,1
Reichardia picroides,117426,30.2290224429382,0,69.7709775570618,30 : 0 : 70 %,R/CR,0,1
Reseda lutea,117458,11.8948867211732,43.6669004921345,44.4382127866923,12 : 44 : 44 %,SR/CSR,0,1
Rhamnus alaternus,117526,21.1112375465835,78.8887624534165,0,21 : 79 : 0 %,S/CS,0,1
Rhaponticum centauroides,717862,13.1959410304497,76.716183689172,10.0878752803783,13 : 77 : 10 %,S/CS,0,1
Rhodiola rosea,117668,13.9440033937914,0,86.0559966062086,14 : 0 : 86 %,R,1,1
Ribes nigrum,117766,41.8213491477948,44.7773221707325,13.4013286814728,42 : 45 : 13 %,CS/CSR,0,1
Rorippa amphibia,117933,69.8926536522428,0,30.1073463477572,70 : 0 : 30 %,C/CR,0,1
Rorippa sylvestris,117951,38.3812354196021,0,61.6187645803979,38 : 0 : 62 %,CR,0,1
Rosa agrestis,117986,30.4978234250798,63.8207773892369,5.68139918568331,30 : 64 : 6 %,S/CS,0,1
Rosa multiflora,118353,34.5632596294717,35.1864607213365,30.2502796491918,35 : 35 : 30 %,CSR,0,1
Rosa pendulina,118397,24.6116106480593,49.1188274207898,26.2695619311509,25 : 49 : 26 %,S/CSR,1,1
Rostraria cristata,118872,2.01722297897862,67.1931867127211,30.7895903083003,2 : 67 : 31 %,S/SR,0,1
Rubus caesius,118993,39.726348985941,40.4310383460058,19.8426126680533,40 : 40 : 20 %,CS/CSR,0,1
Rubus saxatilis,119318,44.805819782871,26.7696169676589,28.4245632494701,45 : 27 : 28 %,C/CSR,0,1
Rumex longifolius,119525,77.4861200743945,0,22.5138799256056,77 : 0 : 23 %,C/CR,0,1
Ruppia maritima,119691,1.69518440280637,14.3033665224187,84.0014490747749,2 : 14 : 84 %,R,0,1
Ruta angustifolia,119707,45.7618716315149,54.2381283684851,0,46 : 54 : 0 %,CS,0,1
Sabulina tenuifolia,119753,0,64.5733366508598,35.4266633491402,0 : 65 : 35 %,S/SR,0,1
Sabulina verna,119754,0,81.4967534778237,18.5032465221763,0 : 81 : 19 %,S/SR,0,1
Sagina apetala,119780,0,50.0284769258784,49.9715230741216,0 : 50 : 50 %,SR,0,1
Sagina procumbens,119818,0,25.8159548350661,74.1840451649339,0 : 26 : 74 %,R/SR,0,1
Sagittaria graminea,119850,11.083569176662,82.8049117032199,6.11151912011814,11 : 83 : 6 %,S,0,1
Salix aurita,119952,21.2120102507946,70.0185080879222,8.76948166128322,21 : 70 : 9 %,S/CS,0,1
Salix myrsinifolia,120135,14.9289255651595,68.6118565378281,16.4592178970124,15 : 69 : 16 %,S/SR,1,1
Salvia verbenaca,120700,76.5598998123666,16.0534563857745,7.38664380185887,77 : 16 : 7 %,C/CS,0,1
Salvinia natans,120709,5.74687522591556,0,94.2531247740844,6 : 0 : 94 %,R,0,1
Sanguisorba officinalis,120758,40.7645117394222,45.6293135060558,13.6061747545219,41 : 46 : 14 %,CS/CSR,1,1
Santolina chamaecyparissus,120785,6.42941763825314,0,93.5705823617469,6 : 0 : 94 %,R,1,1
Satureja montana,120908,2.43820260250841,97.5617973974916,0,2 : 98 : 0 %,S,1,1
Saussurea alpina,120949,34.0220821794167,21.9921363622956,43.9857814582877,34 : 22 : 44 %,CR/CSR,0,1
Saxifraga androsacea,120973,0,92.3012299850922,7.69877001490776,0 : 92 : 8 %,S,0,1
Saxifraga cotyledon,121024,6.34926467200935,93.6507353279906,0,6 : 94 : 0 %,S,0,1
Saxifraga granulata,121065,26.4053542882061,0,73.5946457117939,26 : 0 : 74 %,R/CR,1,1
Saxifraga tridactylites,121201,0.255080110977078,93.2820408791049,6.46287900991799,0 : 93 : 6 %,S,0,1
Scandix stellata,121455,6.08010095941331,75.8716100493072,18.0482889912795,6 : 76 : 18 %,S/SR,0,1
Scleranthus annuus,121823,0,14.8793596919767,85.1206403080233,0 : 15 : 85 %,R,1,1
Scolymus hispanicus,121901,17.2651173201358,59.820689766361,22.9141929135032,17 : 60 : 23 %,S/CSR,0,1
Scrophularia canina,122003,35.2981763079692,0,64.7018236920308,35 : 0 : 65 %,R/CR,0,1
Secale cereale,122085,43.9507792067415,0,56.0492207932585,44 : 0 : 56 %,CR,0,1
Sedum alpestre,122107,0,92.7366637062145,7.26333629378549,0 : 93 : 7 %,S,0,1
Sedum rubens,122243,0,80.8567601535931,19.1432398464069,0 : 81 : 19 %,S/SR,1,1
Sedum sexangulare,122256,0,92.5738890679063,7.42611093209373,0 : 93 : 7 %,S,0,1
Selaginella selaginoides,122308,0,50.4021482042706,49.5978517957294,0 : 50 : 50 %,SR,0,1
Senecio doronicum,122593,16.020474910919,79.6395067786492,4.34001831043174,16 : 80 : 4 %,S/CS,1,1
Senecio leucanthemifolius,122650,28.5599213795881,0,71.440078620412,29 : 0 : 71 %,R/CR,0,1
Senecio ovatus,122675,55.9167480027745,0,44.0832519972255,56 : 0 : 44 %,CR,1,1
Senecio sylvaticus,122726,58.2858261226738,0,41.7141738773262,58 : 0 : 42 %,CR,1,1
Senecio vernalis,122740,46.8448571803593,0,53.1551428196407,47 : 0 : 53 %,CR,0,1
Serratula tinctoria,122971,59.5309461966288,14.4626443527656,26.0064094506056,60 : 14 : 26 %,C/CSR,1,1
Sesleria caerulea,123071,16.67754596643,57.7078949787997,25.6145590547703,17 : 58 : 26 %,S/CSR,0,1
Sesleria ovata,123082,1.29199624854973,78.600010500508,20.1079932509422,1 : 79 : 20 %,S/SR,0,1
Setaria faberi,123111,37.0066063642426,37.2662717220081,25.7271219137493,37 : 37 : 26 %,CSR,0,1
Setaria italica,123122,51.1601184162793,15.7756617118335,33.0642198718872,51 : 16 : 33 %,C/CSR,0,1
Setaria parviflora,123138,19.6311733160318,36.2518775227498,44.1169491612184,20 : 36 : 44 %,SR/CSR,0,1
Sideritis hirsuta,123249,17.0686893272829,63.348668500439,19.5826421722781,17 : 63 : 20 %,S/CSR,0,1
Silaum silaus,123367,48.3326949320784,34.3134261653461,17.3538789025755,48 : 34 : 17 %,CS/CSR,0,1
Silene colorata,123445,9.50073279070659,49.0107936516767,41.4884735576168,10 : 49 : 41 %,SR,0,1
Silene italica,123512,24.5421672951872,28.0721594747082,47.3856732301046,25 : 28 : 47 %,R/CSR,0,1
Sison amomum,123773,55.4271407299979,16.5338180653214,28.0390412046807,55 : 17 : 28 %,C/CSR,0,1
Sisymbrium officinale,123863,60.311236807695,0,39.688763192305,60 : 0 : 40 %,CR,1,1
Smyrnium olusatrum,124003,55.8522341681754,0,44.1477658318246,56 : 0 : 44 %,CR,0,1
Solanum dulcamara,124034,26.719736806758,10.617873594711,62.662389598531,27 : 11 : 63 %,R/CR,1,1
Solanum nigrum,124080,42.1637383338408,0,57.8362616661592,42 : 0 : 58 %,CR,1,1
Solidago virgaurea,124205,34.2895491788329,19.1016120623747,46.6088387587924,34 : 19 : 47 %,CR/CSR,1,1
Sonchus arvensis,124232,58.7502414893638,0,41.2497585106362,59 : 0 : 41 %,CR,1,1
Sonchus palustris,124264,58.9582192895174,8.6107628466858,32.4310178637968,59 : 9 : 32 %,C/CR,0,1
Sparganium angustifolium,124405,33.4743141132149,0,66.5256858867851,33 : 0 : 67 %,R/CR,0,1
Spergula morisonii,124517,0,95.9664567901402,4.03354320985983,0 : 96 : 4 %,S,0,1
Spergularia rubra,124578,0,0,100,0 : 0 : 100 %,R,1,1
Spiraea japonica,124646,23.1373244248921,42.2299121087999,34.6327634663081,23 : 42 : 35 %,SR/CSR,0,1
Stellaria alsine,124967,4.93963480506674,0,95.0603651949333,5 : 0 : 95 %,R,0,1
Stellaria palustris,125024,2.28908663180493,69.3696488520105,28.3412645161845,2 : 69 : 28 %,S/SR,0,1
Succisa pratensis,125295,58.3837499685528,10.24694439361,31.3693056378372,58 : 10 : 31 %,C/CSR,1,1
Symphyotrichum novae-angliae,125331,17.3945253955874,41.9778818344779,40.6275927699347,17 : 42 : 41 %,SR/CSR,0,1
Symphyotrichum novi-belgii,448412,39.1889149436845,28.9141517227559,31.8969333335595,39 : 29 : 32 %,CSR,0,1
Symphytum tuberosum,125364,46.6777837669455,0,53.3222162330546,47 : 0 : 53 %,CR,0,1
Tanacetum corymbosum,125460,60.9523692471557,7.89704020897305,31.1505905438712,61 : 8 : 31 %,C/CR,0,1
Teucrium flavum,125994,12.2249060181512,87.7750939818488,0,12 : 88 : 0 %,S,0,1
Thalictrum aquilegiifolium,126078,49.9207867606333,20.8699737019037,29.209239537463,50 : 21 : 29 %,C/CSR,0,1
Thesium pyrenaicum,126310,5.69483098234362,15.6018360101132,78.7033330075432,6 : 16 : 79 %,R/SR,0,1
Thymus vulgaris,126582,0,100,0,0 : 100 : 0 %,S,1,1
Tilia platyphyllos,126650,49.6769565498569,19.4954879137497,30.8275555363934,50 : 19 : 31 %,C/CSR,1,1
Tofieldia pusilla,126806,2.84308663796514,69.6960294270153,27.4608839350196,3 : 70 : 27 %,S/SR,0,1
Tolpis staticifolia,126821,35.4716195832974,0,64.5283804167026,35 : 0 : 65 %,R/CR,0,1
Toxicodendron radicans,126914,52.0422410242713,24.6063088007519,23.3514501749768,52 : 25 : 23 %,C/CSR,0,1
Trachycarpus fortunei,126933,77.9025856392772,22.0974143607228,0,78 : 22 : 0 %,C/CS,0,1
Tragopogon dubius,127005,27.5698843352347,34.3021649931648,38.1279506716005,28 : 34 : 38 %,CSR,0,1
Tragopogon pratensis,127029,38.4289770507777,18.755130141956,42.8158928072664,38 : 19 : 43 %,CR/CSR,1,1
Trifolium badium,127237,15.2037548003354,34.3220348583806,50.4742103412839,15 : 34 : 50 %,SR/CSR,0,1
Trifolium fragiferum,127314,11.8185380515303,41.4206723566951,46.7607895917746,12 : 41 : 47 %,SR/CSR,0,1
Trifolium hybridum,127337,47.5413170132922,22.7485567308238,29.7101262558839,48 : 23 : 30 %,C/CSR,0,1
Trifolium medium,127382,11.248902816723,72.3359004679869,16.4151967152901,11 : 72 : 16 %,S/SR,0,1
Trifolium montanum,127395,27.4205483969643,46.2028469858406,26.376604617195,27 : 46 : 26 %,S/CSR,0,1
Trifolium retusum,127458,5.5752774231504,74.1165767021121,20.3081458747375,6 : 74 : 20 %,S/SR,0,1
Triglochin palustris,127547,16.3393810139723,2.40258953369204,81.2580294523357,16 : 2 : 81 %,R/CR,0,1
Trinia glauca,127595,34.9484764313223,50.7390054440856,14.312518124592,35 : 51 : 14 %,CS/CSR,0,1
Tripleurospermum inodorum,127613,25.9479873595745,25.6852975928149,48.3667150476106,26 : 26 : 48 %,R/CSR,0,1
Tripleurospermum maritimum,127614,32.0500390549535,26.049561978216,41.9003989668305,32 : 26 : 42 %,CSR,0,1
Triticum aestivum,127692,39.5493752308896,24.921916491615,35.5287082774955,40 : 25 : 36 %,CR/CSR,0,1
Trollius europaeus,127872,60.4311500118521,15.8827372722793,23.6861127158686,60 : 16 : 24 %,C/CSR,1,1
Typha latifolia,128077,85.2828895333819,11.899858212203,2.81725225441514,85 : 12 : 3 %,C,1,1
Ulex parviflorus,128127,11.333997204843,63.88171475387,24.784288041287,11 : 64 : 25 %,S/SR,0,1
Ulmus laevis,128171,42.8566113397315,17.5662295931762,39.5771590670923,43 : 18 : 40 %,CR/CSR,0,1
Urospermum picroides,128256,28.3458147884317,0,71.6541852115683,28 : 0 : 72 %,R/CR,0,1
Valeriana tripteris,128445,36.0526759491308,0,63.9473240508692,36 : 0 : 64 %,R/CR,0,1
Vallisneria spiralis,128504,39.1798372327097,0,60.8201627672903,39 : 0 : 61 %,CR,0,1
Veratrum album,128520,76.5417511992495,6.14404703053116,17.3142017702193,77 : 6 : 17 %,C/CR,1,1
Verbascum lychnitis,128602,73.2082358679602,9.90854040658719,16.8832237254526,73 : 10 : 17 %,C/CR,0,1
Verbascum thapsus,128660,61.0680824753063,26.6709932864264,12.2609242382673,61 : 27 : 12 %,C/CSR,1,1
Veronica agrestis,128786,7.42175284220249,0,92.5782471577975,7 : 0 : 93 %,R,0,1
Veronica catenata,128829,21.1187118077206,0,78.8812881922794,21 : 0 : 79 %,R/CR,0,1
Veronica peregrina,128954,3.42179380077516,0,96.5782061992248,3 : 0 : 97 %,R,0,1
Veronica persica,128956,17.1338364430636,0,82.8661635569364,17 : 0 : 83 %,R/CR,0,1
Veronica triloba,1003758,5.87338552892271,0,94.1266144710773,6 : 0 : 94 %,R,0,1
Veronica triphyllos,129032,4.07430826877212,0,95.9256917312279,4 : 0 : 96 %,R,0,1
Viburnum opulus,129087,34.3396929854783,45.2371094940703,20.4231975204513,34 : 45 : 20 %,CS/CSR,1,1
Vicia angustifolia,129109,5.32708848134655,17.7341084961003,76.9388030225531,5 : 18 : 77 %,R/SR,0,1
Vicia cracca,129147,17.1252938382705,42.8047825096211,40.0699236521085,17 : 43 : 40 %,SR/CSR,0,1
Vicia narbonensis,129252,41.9780390692536,21.0594358261199,36.9625251046265,42 : 21 : 37 %,CR/CSR,0,1
Vicia pisiformis,129275,24.7760872701612,55.4955912695731,19.7283214602657,25 : 55 : 20 %,S/CSR,0,1
Vincetoxicum hirundinaria,129477,38.4955227063158,7.03437511558911,54.4701021780951,38 : 7 : 54 %,CR,1,1
Viola calcarata,129527,5.19062614025115,29.448600741764,65.3607731179849,5 : 29 : 65 %,R/SR,1,1
Viola hirta,129586,40.5702022322683,26.8417547100069,32.5880430577248,41 : 27 : 33 %,CSR,0,1
Viola lutea,129614,16.458184413385,12.1615156376353,71.3802999489796,16 : 12 : 71 %,R/CR,1,1
Viola riviniana,129669,22.9089340501837,24.710227211733,52.3808387380833,23 : 25 : 52 %,R/CSR,0,1
Vitis vulpina,129969,69.9423790673845,9.18890228414228,20.8687186484732,70 : 9 : 21 %,C/CR,0,1
Vulpia bromoides,129997,4.6902908525124,57.9827465217259,37.3269626257617,5 : 58 : 37 %,SR,0,1
Xeranthemum cylindraceum,130515,18.3367000468038,12.4177817813388,69.2455181718574,18 : 12 : 69 %,R/CR,0,1
Zea mays,130621,75.8265376681406,12.1402559345212,12.0332063973381,76 : 12 : 12 %,C/CS,0,1
Zygophyllum fabago,130691,6.77583802720545,93.2241619727946,0,7 : 93 : 0 %,S,0,1
Acacia dealbata,79691,42.0816440937926,50.8718322808795,7.04652362532786,42 : 51 : 7 %,CS,1,0
Acer negundo,79766,46.4769798424572,30.3509881036599,23.1720320538829,46 : 30 : 23 %,C/CSR,1,0
Achillea erba-rotta,79887,6.96209943500773,56.1987899280481,36.8391106369442,7 : 56 : 37 %,SR,1,0
Achillea millefolium,79908,24.6756260854414,43.3839734442851,31.9404004702734,25 : 43 : 32 %,SR/CSR,1,0
Achillea ptarmica,79921,16.0363997813018,17.3762804047578,66.5873198139404,16 : 17 : 67 %,R/SR,1,0
Aconitum lycoctonum,80034,61.6997905654579,0,38.3002094345421,62 : 0 : 38 %,CR,1,0
Aconitum napellus,80037,59.1074684071781,5.30199655860306,35.5905350342189,59 : 5 : 36 %,CR,1,0
Aconitum variegatum,80066,56.557510530667,4.80631181120852,38.6361776581244,57 : 5 : 39 %,CR,1,0
Acorus calamus,80086,53.4698195033871,14.275151715242,32.2550287813709,53 : 14 : 32 %,C/CSR,1,0
Actaea spicata,80137,59.3097007759459,6.36612424179401,34.3241749822601,59 : 6 : 34 %,CR,1,0
Adonis vernalis,80240,18.5306531980746,55.9908937531391,25.4784530487864,19 : 56 : 25 %,S/CSR,1,0
Aethusa cynapium,80358,46.1708508025957,8.99779744229099,44.8313517551133,46 : 9 : 45 %,CR,1,0
Agrimonia procera,80417,54.3993968796962,29.6910253558606,15.9095777644432,54 : 30 : 16 %,C/CSR,1,0
Ailanthus altissima,80824,71.184374431266,9.30548431982583,19.5101412489081,71 : 9 : 20 %,C/CR,1,0
Ajuga genevensis,80980,24.9146086760404,0,75.0853913239595,25 : 0 : 75 %,R/CR,1,0
Ajuga pyramidalis,80988,23.9514936833369,49.1324029862711,26.916103330392,24 : 49 : 27 %,S/CSR,1,0
Ajuga reptans,80990,42.391799062932,3.28007341100222,54.3281275260658,42 : 3 : 54 %,CR,1,0
Alchemilla alpina,81033,14.3336332527255,69.5513875851398,16.1149791621347,14 : 70 : 16 %,S/SR,1,0
Alliaria petiolata,81295,45.8463526704575,0,54.1536473295425,46 : 0 : 54 %,CR,1,0
Allium schoenoprasum,81508,8.68208374858648,91.2599990398009,0.057917211612589,9 : 91 : 0 %,S,1,0
Allium victorialis,81543,64.7481983151208,0,35.2518016848792,65 : 0 : 35 %,C/CR,1,0
Alnus alnobetula,81563,39.5906347820812,40.4012855195526,20.0080796983662,40 : 40 : 20 %,CS/CSR,1,0
Alnus glutinosa,81569,39.2518658811658,46.3868671409691,14.3612669778651,39 : 46 : 14 %,CS/CSR,1,0
Althaea officinalis,81856,52.5680817526446,32.3912403153647,15.0406779319906,53 : 32 : 15 %,C/CSR,1,0
Amaranthus retroflexus,82018,48.7967175350664,21.0694387629778,30.1338437019559,49 : 21 : 30 %,C/CSR,1,0
Ambrosia artemisiifolia,82080,31.3050013886254,32.8634048234272,35.8315937879473,31 : 33 : 36 %,CSR,1,0
Ammi majus,82130,48.6870926150993,0,51.3129073849007,49 : 0 : 51 %,CR,1,0
Anchusa officinalis,82391,10.389809540386,81.8569997388124,7.75319072080153,10 : 82 : 8 %,S,1,0
Anemone nemorosa,82637,37.1818578349508,19.3791921535413,43.4389500115078,37 : 19 : 43 %,CR/CSR,1,0
Anemone ranunculoides,82656,32.5414795873539,9.7406447990714,57.7178756135747,33 : 10 : 58 %,R/CSR,1,0
Angelica sylvestris,82738,74.8262653341989,10.5077802857087,14.6659543800924,75 : 11 : 15 %,C/CR,1,0
Antennaria dioica,82796,3.76798689757225,53.4978009170539,42.7342121853739,4 : 53 : 43 %,SR,1,0
Anthriscus sylvestris,82952,45.3452476613349,20.3369586275111,34.317793711154,45 : 20 : 34 %,CR/CSR,1,0
Anthyllis vulneraria,82999,45.2041286584976,1.64188539220811,53.1539859492943,45 : 2 : 53 %,CR,1,0
Antirrhinum majus,83058,39.919904873951,0,60.080095126049,40 : 0 : 60 %,CR,1,0
Apium graveolens,83195,73.1219820392819,0,26.8780179607181,73 : 0 : 27 %,C/CR,1,0
Aquilegia vulgaris,83267,43.4746539085663,27.1860291533307,29.339316938103,43 : 27 : 29 %,CSR,1,0
Arbutus unedo,83481,45.8311682715787,54.1688317284213,0,46 : 54 : 0 %,CS,1,0
Arctium lappa,83499,76.3298034941268,7.55312878768773,16.1170677181855,76 : 8 : 16 %,C/CR,1,0
Arenaria serpyllifolia,83653,0,69.2499826862839,30.7500173137161,0 : 69 : 31 %,S/SR,1,0
Argentina anserina,83714,33.6229889661498,42.9900488774728,23.3869621563774,34 : 43 : 23 %,CS/CSR,1,0
Aristolochia clematitis,83777,42.5364145887188,23.7671884527195,33.6963969585618,43 : 24 : 34 %,CR/CSR,1,0
Armoracia rusticana,83866,87.1869098273709,3.19022420795529,9.62286596467385,87 : 3 : 10 %,C,1,0
Arrhenatherum elatius,83912,24.0171061982718,39.2562603426461,36.7266334590821,24 : 39 : 37 %,SR/CSR,1,0
Artemisia absinthium,83933,32.2617969741628,23.2887970923082,44.449405933529,32 : 23 : 44 %,CR/CSR,1,0
Artemisia annua,83938,20.0535036435093,24.1259867556193,55.8205096008715,20 : 24 : 56 %,R/CSR,1,0
Arum maculatum,84112,62.3757360580693,0,37.6242639419308,62 : 0 : 38 %,CR,1,0
Aruncus dioicus,84135,71.8620229530632,4.86983783720111,23.2681392097357,72 : 5 : 23 %,C/CR,1,0
Arundo donax,84173,56.3992318760521,37.9805543379931,5.62021378595472,56 : 38 : 6 %,CS,1,0
Asarum europaeum,84230,51.9845693683637,0,48.0154306316363,52 : 0 : 48 %,CR,1,0
Asparagus officinalis,84279,0,91.210132192407,8.78986780759301,0 : 91 : 9 %,S,1,0
Asperula cynanchica,84306,0,74.3772236107461,25.6227763892539,0 : 74 : 26 %,S/SR,1,0
Asperula tinctoria,84330,0,49.4310337476743,50.5689662523257,0 : 49 : 51 %,SR,1,0
Astrantia major,84936,61.6460579297991,1.20830951035501,37.1456325598459,62 : 1 : 37 %,CR,1,0
Ballota nigra,85502,17.8364248341581,51.7883913467752,30.3751838190667,18 : 52 : 30 %,S/CSR,1,0
Barbarea vulgaris,761965,48.5759624763177,0,51.4240375236823,49 : 0 : 51 %,CR,1,0
Beta vulgaris,85820,78.1160036325416,0,21.8839963674584,78 : 0 : 22 %,C/CR,1,0
Betula pendula,85903,25.0396043418746,57.0940864709609,17.8663091871645,25 : 57 : 18 %,S/CSR,1,0
Betula pubescens,85904,25.7554052289119,45.5597623224393,28.6848324486487,26 : 46 : 29 %,S/CSR,1,0
Blitum bonus-henricus,994837,50.1799771956077,6.94704758909285,42.8729752152995,50 : 7 : 43 %,CR,1,0
Buglossoides arvensis,86890,14.1970471595781,54.4223107351741,31.3806421052478,14 : 54 : 31 %,S/CSR,1,0
Bupleurum falcatum,87044,21.0011680740821,51.7247456509661,27.2740862749518,21 : 52 : 27 %,S/CSR,1,0
Buxus sempervirens,87143,7.83701297079034,92.1629870292097,0,8 : 92 : 0 %,S,1,0
Calendula arvensis,87420,35.075031208353,0,64.924968791647,35 : 0 : 65 %,R/CR,1,0
Calluna vulgaris,87501,0,85.8763191776163,14.1236808223837,0 : 86 : 14 %,S,1,0
Caltha palustris,87540,63.877501997774,0,36.122498002226,64 : 0 : 36 %,C/CR,1,0
Campanula rapunculus,87712,25.8758055336673,0,74.1241944663327,26 : 0 : 74 %,R/CR,1,0
Carlina acaulis,89147,61.081002730059,26.4036659408117,12.5153313291293,61 : 26 : 13 %,C/CSR,1,0
Carlina vulgaris,89180,40.6037030310584,0,59.3962969689416,41 : 0 : 59 %,CR,1,0
Carpinus betulus,89200,36.7472840454581,36.0378551208914,27.2148608336505,37 : 36 : 27 %,CSR,1,0
Carthamus lanatus,89232,12.7544787451335,85.5989174693101,1.64660378555639,13 : 86 : 2 %,S,1,0
Carum carvi,89250,30.5519430240404,42.9155182241676,26.5325387517919,31 : 43 : 27 %,CSR,1,0
Castanea sativa,89304,47.7259005226243,43.8546280957308,8.41947138164492,48 : 44 : 8 %,CS,1,0
Centaurea benedicta,89531,46.9800042160876,0,53.0199957839124,47 : 0 : 53 %,CR,1,0
Centaurea nigra,89653,33.615578124576,37.0303236406494,29.3540982347747,34 : 37 : 29 %,CSR,1,0
Centaurium erythraea,89840,18.0058766734855,31.7175840947026,50.2765392318119,18 : 32 : 50 %,R/CSR,1,0
Cercis siliquastrum,90234,44.7622650461694,41.4960865834678,13.7416483703627,45 : 41 : 14 %,CS/CSR,1,0
Chelidonium majus,90669,46.3387413194046,12.6278991053212,41.0333595752741,46 : 13 : 41 %,CR/CSR,1,0
Chenopodium album,90681,24.9005040297625,0,75.0994959702375,25 : 0 : 75 %,R/CR,1,0
Chenopodium vulvaria,90836,18.9162350570275,8.94621614626592,72.1375487967065,19 : 9 : 72 %,R/CR,1,0
Chondrilla juncea,90954,23.4929703981457,44.0541159486739,32.4529136531804,23 : 44 : 32 %,SR/CSR,1,0
Cicuta virosa,91199,78.4990488907983,0,21.5009511092017,78 : 0 : 22 %,C/CR,1,0
Cirsium spinosissimum,91410,28.6548672176611,71.3451327823389,0,29 : 71 : 0 %,S/CS,1,0
Clematis recta,91880,51.6725449168798,15.7380784114428,32.5893766716774,52 : 16 : 33 %,C/CSR,1,0
Clinopodium vulgare,91912,16.9206367432876,43.8951706068825,39.1841926498299,17 : 44 : 39 %,SR/CSR,1,0
Cochlearia officinalis,92052,33.3803664544715,0,66.6196335455285,33 : 0 : 67 %,R/CR,1,0
Colchicum autumnale,92127,57.7850947260443,0,42.2149052739557,58 : 0 : 42 %,CR,1,0
Conium maculatum,92237,75.8974728961633,6.23200512114536,17.8705219826913,76 : 6 : 18 %,C/CR,1,0
Coriaria myrtifolia,92467,31.2045721240267,53.9464847732141,14.8489431027592,31 : 54 : 15 %,S/CSR,1,0
Cornus mas,92497,24.2812355796338,38.6855252158101,37.0332392045561,24 : 39 : 37 %,SR/CSR,1,0
Cotinus coggygria,92631,29.9921768358848,55.5357029589333,14.472120205182,30 : 56 : 14 %,S/CSR,1,0
Crataegus laevigata,92864,25.6413589016537,55.5973027129903,18.761338385356,26 : 56 : 19 %,S/CSR,1,0
Crataegus monogyna,92876,15.7127296433796,71.4837418474813,12.8035285091391,16 : 71 : 13 %,S/CS,1,0
Crepis foetida,93045,29.1139210262042,27.4028843862209,43.483194587575,29 : 27 : 43 %,CSR,1,0
Crepis vesicaria,93157,48.373482290003,0,51.626517709997,48 : 0 : 52 %,CR,1,0
Cruciata laevipes,93308,5.94834507612584,45.5126435430257,48.5390113808484,6 : 46 : 49 %,SR,1,0
Cyanus montanus,93673,53.9475559293665,4.7245024025912,41.3279416680423,54 : 5 : 41 %,CR,1,0
Cyclamen purpurascens,93708,40.5819588518981,0,59.4180411481019,41 : 0 : 59 %,CR,1,0
Cynodon dactylon,93803,6.74881169975063,62.4487241055526,30.8024641946968,7 : 62 : 31 %,S/SR,1,0
Cynoglossum officinale,93840,70.4789277844882,0,29.5210722155118,70 : 0 : 30 %,C/CR,1,0
Cyperus longus,93967,30.3231750401606,32.914707853139,36.7621171067004,30 : 33 : 37 %,CSR,1,0
Dactylis glomerata,94207,29.3124848370648,36.2094499585749,34.4780652043603,29 : 36 : 34 %,CSR,1,0
Daphne gnidium,94427,8.89564502024082,56.6647794984314,34.4395754813278,9 : 57 : 34 %,SR,1,0
Daphne laureola,94432,31.6239843631306,36.688491390211,31.6875242466584,32 : 37 : 32 %,CSR,1,0
Delphinium consolida,94572,19.8827948560668,9.71436801455549,70.4028371293777,20 : 10 : 70 %,R/CR,1,0
Deschampsia cespitosa,94626,13.6284102504245,64.5337339813188,21.8378557682567,14 : 65 : 22 %,S/SR,1,0
Descurainia sophia,94645,23.4627451542073,20.870983246731,55.6662715990618,23 : 21 : 56 %,R/CSR,1,0
Dictamnus albus,94923,55.1939840090115,28.8831178034407,15.9228981875479,55 : 29 : 16 %,C/CSR,1,0
Digitalis lutea,94945,52.6563715770793,15.684024811675,31.6596036112458,53 : 16 : 32 %,C/CSR,1,0
Digitalis purpurea,94959,68.0418759455303,9.11763471285272,22.840489341617,68 : 9 : 23 %,C/CR,1,0
Dioscorea communis,611652,58.9934507981153,0,41.0065492018848,59 : 0 : 41 %,CR,1,0
Diplotaxis tenuifolia,95136,53.820982774539,0,46.1790172254611,54 : 0 : 46 %,CR,1,0
Drosera rotundifolia,95442,4.34549811957202,0,95.654501880428,4 : 0 : 96 %,R,1,0
Dryas octopetala,95461,5.29044439534707,88.4143063150554,6.2952492895976,5 : 88 : 6 %,S,1,0
Echium vulgare,95793,53.0582701610356,23.5779516860418,23.3637781529225,53 : 24 : 23 %,C/CSR,1,0
Epilobium hirsutum,96180,36.1751351446425,18.6525407296671,45.1723241256904,36 : 19 : 45 %,CR/CSR,1,0
Epilobium montanum,96208,34.6573734843614,25.6872512791452,39.6553752364933,35 : 26 : 40 %,CSR,1,0
Epilobium palustre,96226,27.2603751736401,0,72.7396248263599,27 : 0 : 73 %,R/CR,1,0
Epilobium parviflorum,96229,34.944067060292,0,65.0559329397079,35 : 0 : 65 %,R/CR,1,0
Epilobium tetragonum,96271,19.1094379027631,32.9263450707552,47.9642170264818,19 : 33 : 48 %,SR/CSR,1,0
Erica carnea,96664,0,99.9486003578268,0.0513996421732568,0 : 100 : 0 %,S,1,0
Erica cinerea,96667,0,94.1838498214568,5.81615017854321,0 : 94 : 6 %,S,1,0
Erica scoparia,96691,0,100,0,0 : 100 : 0 %,S,1,0
Eupatorium cannabinum,97434,47.5784592081718,18.183964314055,34.2375764777733,48 : 18 : 34 %,CR/CSR,1,0
Euphorbia cyparissias,97490,8.19718206674365,59.0151438523999,32.7876740808564,8 : 59 : 33 %,S/SR,1,0
Euphorbia helioscopia,97537,20.9935539489104,7.2631895127917,71.7432565382979,21 : 7 : 72 %,R/CR,1,0
Euphorbia lathyris,97556,44.5563545543646,4.44024522200922,51.0034002236262,45 : 4 : 51 %,CR,1,0
Fagus sylvatica,97947,22.8581477342392,50.7087103377462,26.4331419280146,23 : 51 : 26 %,S/CSR,1,0
Filipendula ulmaria,98717,51.8418035039884,30.5310256968457,17.6271707991659,52 : 31 : 18 %,C/CSR,1,0
Filipendula vulgaris,98718,29.8093047849988,39.8625348314124,30.3281603835888,30 : 40 : 30 %,CSR,1,0
Foeniculum vulgare,98756,73.0142432436612,26.9857567563388,0,73 : 27 : 0 %,C/CS,1,0
Fragaria vesca,98865,31.1435421376104,36.3309987589232,32.5254591034664,31 : 36 : 33 %,CSR,1,0
Frangula alnus,98887,27.1399616985232,41.3638127822556,31.4962255192211,27 : 41 : 31 %,CSR,1,0
Fraxinus angustifolia,98910,46.3884966545261,41.5729768643547,12.0385264811192,46 : 42 : 12 %,CS/CSR,1,0
Fraxinus excelsior,98921,59.0952845746226,33.9928224312904,6.91189299408702,59 : 34 : 7 %,C/CS,1,0
Fraxinus ornus,98933,51.5788266146689,39.2061360562728,9.21503732905831,52 : 39 : 9 %,CS,1,0
Fritillaria meleagris,98977,39.3712239156703,0,60.6287760843297,39 : 0 : 61 %,CR,1,0
Fumaria officinalis,99108,27.8057775462109,0.944898560218053,71.249323893571,28 : 1 : 71 %,R/CR,1,0
Galanthus nivalis,99233,42.8090216688529,0,57.1909783311471,43 : 0 : 57 %,CR,1,0
Galatella sedifolia,610594,10.422540455714,42.6214844268781,46.9559751174079,10 : 43 : 47 %,SR,1,0
Galeopsis ladanum,99305,20.1862735914624,42.4225925247572,37.3911338837805,20 : 42 : 37 %,SR/CSR,1,0
Galeopsis segetum,99329,37.8671759662441,1.40292394908615,60.7299000846698,38 : 1 : 61 %,CR,1,0
Galinsoga parviflora,99358,18.3428155519366,13.2766074710613,68.3805769770021,18 : 13 : 68 %,R/CR,1,0
Galium album,99366,1.3527833321293,43.4344713327552,55.2127453351155,1 : 43 : 55 %,SR,1,0
Galium mollugo,99473,14.0411218339324,39.7522530342906,46.2066251317771,14 : 40 : 46 %,SR/CSR,1,0
Galium odoratum,99488,10.2920407782144,0,89.7079592217856,10 : 0 : 90 %,R,1,0
Galium palustre,99494,4.64640347999071,33.3126669572992,62.0409295627101,5 : 33 : 62 %,R/SR,1,0
Galium verum,99582,12.0013932211706,55.8482498660743,32.1503569127551,12 : 56 : 32 %,S/CSR,1,0
Genista anglica,99721,0,79.0811366041653,20.9188633958346,0 : 79 : 21 %,S/SR,1,0
Genista cinerea,99735,5.54656589230318,94.4534341076968,0,6 : 94 : 0 %,S,1,0
Genista scorpius,99815,7.26008570246969,92.7399142975303,0,7 : 93 : 0 %,S,1,0
Gentiana acaulis,99854,20.7183294835993,72.1352852066465,7.14638530975421,21 : 72 : 7 %,S/CS,1,0
Gentiana cruciata,99881,30.6148580910071,51.9230865327651,17.4620553762278,31 : 52 : 17 %,S/CSR,1,0
Gentiana lutea,99903,80.4775032391565,9.27595666279135,10.2465400980522,80 : 9 : 10 %,C,1,0
Gentiana purpurea,99929,47.08149616676,29.4128991643955,23.5056046688445,47 : 29 : 24 %,C/CSR,1,0
Gentiana verna,99953,5.02154890556009,94.9784510944399,0,5 : 95 : 0 %,S,1,0
Geranium robertianum,100142,32.3829551146246,0,67.6170448853754,32 : 0 : 68 %,R/CR,1,0
Geranium rotundifolium,100144,20.3439239165711,34.908564606285,44.7475114771439,20 : 35 : 45 %,SR/CSR,1,0
Geranium sanguineum,100149,22.8962041135411,36.5555471388608,40.5482487475982,23 : 37 : 41 %,SR/CSR,1,0
Geum rivale,100215,49.6735135420953,26.8882608483459,23.4382256095588,50 : 27 : 23 %,C/CSR,1,0
Glechoma hederacea,100310,28.2842791835798,8.86910376009314,62.8466170563271,28 : 9 : 63 %,R/CR,1,0
Globularia alypum,100335,4.32443112851298,95.675568871487,0,4 : 96 : 0 %,S,1,0
Gratiola officinalis,100576,11.6709572784327,17.0301946156479,71.2988481059194,12 : 17 : 71 %,R/SR,1,0
Hedera helix,100787,33.6837158452587,50.9021004405149,15.4141837142264,34 : 51 : 15 %,CS/CSR,1,0
Helianthemum nummularium,100956,15.9655810478934,21.5508403005784,62.4835786515282,16 : 22 : 62 %,R/CSR,1,0
Helichrysum italicum,101080,0,100,0,0 : 100 : 0 %,S,1,0
Helleborus foetidus,101188,80.9162436994216,2.99843162411587,16.0853246764625,81 : 3 : 16 %,C/CR,1,0
Helleborus viridis,101202,80.5712725439848,16.305695630103,3.12303182591227,81 : 16 : 3 %,C/CS,1,0
Herniaria glabra,101411,0,35.5926099741054,64.4073900258946,0 : 36 : 64 %,R/SR,1,0
Herniaria hirsuta,101412,0,36.9834291436597,63.0165708563403,0 : 37 : 63 %,R/SR,1,0
Hesperis matronalis,101460,35.0200306119337,0,64.9799693880663,35 : 0 : 65 %,R/CR,1,0
Hieracium murorum,102235,39.8453196202829,0,60.1546803797172,40 : 0 : 60 %,CR,1,0
Hieracium umbellatum,102671,31.1458869064315,11.6773287929539,57.1767843006146,31 : 12 : 57 %,R/CSR,1,0
Hippophae rhamnoides,102863,20.3142159597617,67.4789557060698,12.2068283341685,20 : 67 : 12 %,S/CS,1,0
Humulus lupulus,103031,46.1106261917647,28.1282871453821,25.7610866628532,46 : 28 : 26 %,C/CSR,1,0
Hyoscyamus niger,103185,62.3883018214577,0,37.6116981785423,62 : 0 : 38 %,CR,1,0
Hypericum perforatum,103316,4.98642191427727,58.8248239949676,36.1887540907551,5 : 59 : 36 %,SR,1,0
Hypericum tetrapterum,103329,12.9800369324359,19.9696340182043,67.0503290493598,13 : 20 : 67 %,R/SR,1,0
Hypochaeris radicata,103375,45.7575680310767,0,54.2424319689233,46 : 0 : 54 %,CR,1,0
Hyssopus officinalis,103406,13.6394522782614,26.5309628637146,59.829584858024,14 : 27 : 60 %,R/CSR,1,0
Ilex aquifolium,103514,34.0213011442044,65.9786988557956,0,34 : 66 : 0 %,S/CS,1,0
Imperatoria ostruthium,103578,59.7443938096689,21.1003390790769,19.1552671112542,60 : 21 : 19 %,C/CSR,1,0
Iris pseudacorus,103772,72.8061904210262,17.7362712894492,9.45753828952457,73 : 18 : 9 %,C/CS,1,0
Isatis tinctoria,103817,41.2608632376004,24.228024839401,34.5111119229986,41 : 24 : 35 %,CR/CSR,1,0
Jacobaea vulgaris,610646,52.5514103497491,0,47.4485896502509,53 : 0 : 47 %,CR,1,0
Juncus effusus,104173,43.9816154150756,56.0183845849244,0,44 : 56 : 0 %,CS,1,0
Knautia arvensis,104516,62.5060423986117,0,37.4939576013883,63 : 0 : 37 %,C/CR,1,0
Lactuca perennis,104764,51.4979024853551,0,48.502097514645,51 : 0 : 49 %,CR,1,0
Lactuca serriola,104775,48.17027102272,12.7094813035647,39.1202476737153,48 : 13 : 39 %,CR/CSR,1,0
Lamium album,104854,35.0446635970011,8.53053978411199,56.4247966188869,35 : 9 : 56 %,CR,1,0
Lamium amplexicaule,104855,10.3605945410718,0,89.6394054589281,10 : 0 : 90 %,R,1,0
Lamium maculatum,104889,28.1211507008103,14.8629375060884,57.0159117931013,28 : 15 : 57 %,R/CSR,1,0
Lamium purpureum,104903,20.8649650243584,0,79.1350349756416,21 : 0 : 79 %,R/CR,1,0
Lapsana communis,105017,46.0011327662041,0,53.9988672337959,46 : 0 : 54 %,CR,1,0
Laurus nobilis,105295,30.1085184743717,68.850509750038,1.04097177559038,30 : 69 : 1 %,S/CS,1,0
Lavandula angustifolia,105297,1.27378063218576,94.5415707626123,4.18464860520197,1 : 95 : 4 %,S,1,0
Lavandula latifolia,105312,25.5555837276849,12.9639596364085,61.4804566359067,26 : 13 : 61 %,R/CSR,1,0
Lavandula stoechas,105321,6.34674392656713,87.0482572641469,6.60499880928601,6 : 87 : 7 %,S,1,0
Lemna gibba,105427,0,0,100,0 : 0 : 100 %,R,1,0
Leontopodium nivale,611031,3.3121203539576,68.8955336514391,27.7923459946033,3 : 69 : 28 %,S/SR,1,0
Lepidium draba,105621,38.318606897664,17.315282118521,44.366110983815,38 : 17 : 44 %,CR/CSR,1,0
Leucanthemum vulgare,105817,23.7483137070005,27.9922727039174,48.2594135890821,24 : 28 : 48 %,R/CSR,1,0
Ligustrum vulgare,105966,18.2737029169972,75.2866655506047,6.43963153239804,18 : 75 : 6 %,S/CS,1,0
Lilium bulbiferum,105979,36.2457023018512,0,63.7542976981488,36 : 0 : 64 %,R/CR,1,0
Linaria repens,106213,20.6319455986359,18.6301369666847,60.7379174346794,21 : 19 : 61 %,R/CSR,1,0
Linaria vulgaris,106234,5.46639665487184,29.8277133407403,64.7058900043878,5 : 30 : 65 %,R/SR,1,0
Linum catharticum,106288,0,41.1164091358796,58.8835908641204,0 : 41 : 59 %,SR,1,0
Lonicera etrusca,106565,15.6667918077655,38.8511309868158,45.4820772054187,16 : 39 : 45 %,SR/CSR,1,0
Lonicera nigra,106574,18.5586686050117,57.9252453800674,23.5160860149209,19 : 58 : 24 %,S/CSR,1,0
Lonicera periclymenum,106581,27.9454292345986,53.7595942133942,18.2949765520072,28 : 54 : 18 %,S/CSR,1,0
Lonicera xylosteum,106595,21.0419566290784,48.1371768237307,30.8208665471909,21 : 48 : 31 %,S/CSR,1,0
Lotus corniculatus,106653,11.5437311488819,35.1233464027387,53.3329224483794,12 : 35 : 53 %,SR/CSR,1,0
Lycium barbarum,106965,58.3004851559082,0,41.6995148440918,58 : 0 : 42 %,CR,1,0
Lycopus europaeus,107038,34.4555116304584,16.2601168499546,49.284371519587,34 : 16 : 49 %,CR/CSR,1,0
Lysimachia nummularia,107073,11.4707109331503,22.3004327454428,66.2288563214069,11 : 22 : 66 %,R/SR,1,0
Lysimachia vulgaris,107090,41.4661715566328,16.3879213849902,42.145907058377,41 : 16 : 42 %,CR/CSR,1,0
Lythrum salicaria,107117,27.574926800925,39.5840174064173,32.8410557926577,28 : 40 : 33 %,CSR,1,0
Malva moschata,107282,28.3525679840328,35.6838303249708,35.9636016909964,28 : 36 : 36 %,CSR,1,0
Marrubium vulgare,107397,34.3989282569762,55.1385091734169,10.462562569607,34 : 55 : 10 %,CS,1,0
Melittis melissophyllum,108003,30.3151943402258,17.0984520049397,52.5863536548345,30 : 17 : 53 %,R/CSR,1,0
Mentha aquatica,108027,33.5146998483976,15.6647741222849,50.8205260293174,34 : 16 : 51 %,CR/CSR,1,0
Mentha arvensis,108029,23.2453245649527,6.32080098333766,70.4338744517097,23 : 6 : 70 %,R/CR,1,0
Mentha pulegium,108138,10.3331619271364,8.07063884874269,81.5961992241209,10 : 8 : 82 %,R,1,0
Menyanthes trifoliata,108345,60.5377156707665,2.99403697064252,36.468247358591,61 : 3 : 36 %,CR,1,0
Mercurialis annua,108351,26.8072906659538,3.82180112148268,69.3709082125635,27 : 4 : 69 %,R/CR,1,0
Mercurialis perennis,108361,27.9335528104418,18.9113072728192,53.155139916739,28 : 19 : 53 %,R/CSR,1,0
Myosotis arvensis,108996,16.9727421818824,0,83.0272578181176,17 : 0 : 83 %,R/CR,1,0
Myrica gale,109130,12.4588699652238,74.2961037830252,13.245026251751,12 : 74 : 13 %,S/SR,1,0
Myrrhis odorata,109161,77.9153817193012,7.81631619979243,14.2683020809064,78 : 8 : 14 %,C/CR,1,0
Myrtus communis,109186,14.2175354710775,85.1147922105268,0.667672318395754,14 : 85 : 1 %,S,1,0
Narcissus poeticus,109291,61.3032540028997,10.3911824843826,28.3055635127177,61 : 10 : 28 %,C/CR,1,0
Narcissus pseudonarcissus,109297,55.1277890163164,0,44.8722109836836,55 : 0 : 45 %,CR,1,0
Nasturtium officinale,109422,15.6216631814989,0,84.3783368185011,16 : 0 : 84 %,R,1,0
Nigella arvensis,109620,6.2393794276705,16.6751999642896,77.0854206080399,6 : 17 : 77 %,R/SR,1,0
Nigella damascena,109625,43.3102226077444,6.13736570740146,50.5524116848541,43 : 6 : 51 %,CR,1,0
Nuphar lutea,109732,85.0039859044895,7.13991618815354,7.85609790735692,85 : 7 : 8 %,C,1,0
Nymphaea alba,109750,89.6925470317566,9.19602743773249,1.11142553051088,90 : 9 : 1 %,C,1,0
Oenanthe aquatica,109861,57.1390717469677,0,42.8609282530323,57 : 0 : 43 %,CR,1,0
Oenothera biennis,109911,49.658901214958,25.5256132313981,24.8154855536438,50 : 26 : 25 %,C/CSR,1,0
Ononis spinosa,110236,9.383666296134,49.6239946670443,40.9923390368217,9 : 50 : 41 %,SR,1,0
Onopordum acanthium,110244,87.2060536084601,7.4991511489116,5.29479524262826,87 : 7 : 5 %,C,1,0
Origanum vulgare,111289,17.8767812374755,38.1608393051214,43.9623794574031,18 : 38 : 44 %,SR/CSR,1,0
Orthilia secunda,111771,14.0206512446271,59.5678889244929,26.41145983088,14 : 60 : 26 %,S/CSR,1,0
Oxalis acetosella,111859,17.3552238441374,0,82.6447761558626,17 : 0 : 83 %,R/CR,1,0
Oxybasis glauca,717359,4.82835675659817,92.2068619391295,2.9647813042723,5 : 92 : 3 %,S,1,0
Oxytropis campestris,111974,23.9118408841406,59.1765433640178,16.9116157518416,24 : 59 : 17 %,S/CSR,1,0
Paeonia officinalis,112042,67.7984710573222,27.333750764595,4.86777817808287,68 : 27 : 5 %,C/CS,1,0
Papaver dubium,112303,20.0180664117197,19.8993269207782,60.0826066675022,20 : 20 : 60 %,R/CSR,1,0
Parietaria officinalis,112413,32.8576554993706,4.63263137136191,62.5097131292675,33 : 5 : 63 %,R/CR,1,0
Paris quadrifolia,112421,42.694196086393,0,57.305803913607,43 : 0 : 57 %,CR,1,0
Parnassia palustris,112426,24.5390633367443,0.504516866254886,74.9564197970008,25 : 1 : 75 %,R/CR,1,0
Parthenocissus tricuspidata,112467,51.5184830173297,25.9752726732275,22.5062443094428,52 : 26 : 23 %,C/CSR,1,0
Pastinaca sativa,112550,61.0968423276651,18.4267138286665,20.4764438436685,61 : 18 : 20 %,C/CSR,1,0
Pedicularis palustris,112590,25.3001217667819,0,74.6998782332181,25 : 0 : 75 %,R/CR,1,0
Pedicularis sylvatica,112601,8.46354926715537,0,91.5364507328446,8 : 0 : 92 %,R,1,0
Persicaria hydropiper,112739,30.9968982671166,4.23855082098686,64.7645509118965,31 : 4 : 65 %,R/CR,1,0
Persicaria maculosa,112745,35.9048350617163,0,64.0951649382837,36 : 0 : 64 %,R/CR,1,0
Phleum pratense,113221,20.6870946887235,49.6880804941654,29.6248248171111,21 : 50 : 30 %,S/CSR,1,0
Phragmites australis,113260,36.6515380054302,51.7771721617786,11.5712898327912,37 : 52 : 12 %,CS/CSR,1,0
Pimpinella major,113579,28.8388422563003,35.5507507566716,35.6104069870282,29 : 36 : 36 %,CSR,1,0
Pimpinella saxifraga,113596,34.9955312051855,32.6453408554879,32.3591279393266,35 : 33 : 32 %,CSR,1,0
Pistacia lentiscus,113744,27.2141142241299,72.7858857758701,0,27 : 73 : 0 %,S/CS,1,0
Plantago afra,113804,6.84146205337657,66.2996347316509,26.8589032149725,7 : 66 : 27 %,S/SR,1,0
Plantago coronopus,113842,27.2333512180786,0,72.7666487819214,27 : 0 : 73 %,R/CR,1,0
Plantago lanceolata,113893,50.6404213343585,11.3058104114558,38.0537682541857,51 : 11 : 38 %,CR/CSR,1,0
Plantago sempervirens,113957,14.8955539667889,85.1044460332111,0,15 : 85 : 0 %,S,1,0
Polygala vulgaris,114595,2.97096702614803,56.087281555423,40.941751418429,3 : 56 : 41 %,SR,1,0
Polygonatum odoratum,114612,45.1436286623104,9.34141401875118,45.5149573189384,45 : 9 : 46 %,CR,1,0
Polygonum aviculare,114658,8.97550381269971,32.8622337038208,58.1622624834795,9 : 33 : 58 %,R/CSR,1,0
Populus nigra,115145,41.4567676979152,50.1094759722587,8.4337563298261,41 : 50 : 8 %,CS,1,0
Portulaca oleracea,115215,2.72158385960615,84.2580617014492,13.0203544389447,3 : 84 : 13 %,S,1,0
Potamogeton natans,115280,45.1688426854453,12.1452397392668,42.6859175752879,45 : 12 : 43 %,CR/CSR,1,0
Potentilla argentea,115407,13.3371219630269,61.6685792258351,24.9942988111379,13 : 62 : 25 %,S/CSR,1,0
Potentilla erecta,115470,9.93761458637904,61.9919731997045,28.0704122139165,10 : 62 : 28 %,S/SR,1,0
Potentilla reptans,115624,33.7752223395443,34.0645025602218,32.1602751002339,34 : 34 : 32 %,CSR,1,0
Prenanthes purpurea,115813,34.162811451882,0,65.837188548118,34 : 0 : 66 %,R/CR,1,0
Primula elatior,115865,52.3778048961878,0,47.6221951038122,52 : 0 : 48 %,CR,1,0
Primula farinosa,115868,15.8720712582947,7.38819656893757,76.7397321727677,16 : 7 : 77 %,R/CR,1,0
Primula veris,115918,54.1641810359779,11.2771080115094,34.5587109525127,54 : 11 : 35 %,CR/CSR,1,0
Prunella vulgaris,116012,20.0351908196195,23.3020525948912,56.6627565854894,20 : 23 : 57 %,R/CSR,1,0
Prunus avium,116043,39.3778351204898,44.7498216882442,15.8723431912661,39 : 45 : 16 %,CS/CSR,1,0
Prunus laurocerasus,116089,48.9737002994949,51.0262997005051,0,49 : 51 : 0 %,CS,1,0
Prunus mahaleb,116096,20.2879490153321,56.1521888548704,23.5598621297974,20 : 56 : 24 %,S/CSR,1,0
Prunus padus,116109,33.194005024184,44.208039103135,22.597955872681,33 : 44 : 23 %,CS/CSR,1,0
Prunus spinosa,116142,14.3797838144626,62.7498050400351,22.8704111455023,14 : 63 : 23 %,S/CSR,1,0
Pulmonaria officinalis,116422,59.1813240633038,0,40.8186759366962,59 : 0 : 41 %,CR,1,0
Pyrola rotundifolia,116547,26.079101546292,51.8670184631537,22.0538799905543,26 : 52 : 22 %,S/CSR,1,0
Quercus ilex,116704,21.7939894860767,78.2060105139233,0,22 : 78 : 0 %,S/CS,1,0
Quercus petraea,521658,27.0687152134238,55.8925659626545,17.0387188239217,27 : 56 : 17 %,S/CSR,1,0
Quercus pubescens,116751,37.4208301438596,59.3436249947562,3.23554486138423,37 : 59 : 3 %,CS,1,0
Quercus pyrenaica,116754,26.0127342194563,73.1118224734142,0.875443307129432,26 : 73 : 1 %,S/CS,1,0
Quercus robur,116759,33.2682411294468,57.9040975904932,8.82766128005992,33 : 58 : 9 %,S/CSR,1,0
Ranunculus acris,116903,45.9126633394077,25.4077584631012,28.6795781974911,46 : 25 : 29 %,C/CSR,1,0
Ranunculus bulbosus,116952,43.5569992971857,12.3327020168797,44.1102986859347,44 : 12 : 44 %,CR/CSR,1,0
Ranunculus montanus,117125,35.1036887445596,38.3706574572753,26.5256537981652,35 : 38 : 27 %,CSR,1,0
Ranunculus repens,117201,57.2115166041321,3.14345192140686,39.645031474461,57 : 3 : 40 %,CR,1,0
Reseda luteola,117459,51.184913663643,0,48.815086336357,51 : 0 : 49 %,CR,1,0
Reynoutria japonica,117503,60.3705279427248,23.8769196861349,15.7525523711403,60 : 24 : 16 %,C/CSR,1,0
Rhamnus cathartica,117530,27.8148661419126,37.2153506070878,34.9697832509996,28 : 37 : 35 %,CSR,1,0
Rhododendron ferrugineum,117679,7.9008135319581,92.0991864680419,0,8 : 92 : 0 %,S,1,0
Ribes rubrum,117774,39.7551067685336,27.7447781848887,32.5001150465777,40 : 28 : 33 %,CSR,1,0
Rosa arvensis,118016,21.6087453681331,49.5495936265975,28.8416610052695,22 : 50 : 29 %,S/CSR,1,0
Rosa canina,118073,25.7327793878379,65.0635416629886,9.20367894917352,26 : 65 : 9 %,S/CS,1,0
Rubia peregrina,118916,25.0522663215542,41.4562320981854,33.4915015802604,25 : 41 : 33 %,CSR,1,0
Rubia tinctorum,118920,38.8082497366748,7.82234621356231,53.3694040497629,39 : 8 : 53 %,CR,1,0
Rubus idaeus,119149,40.4777363085826,38.1580407596426,21.3642229317748,40 : 38 : 21 %,CS/CSR,1,0
Rumex acetosa,119418,41.8431163627849,0,58.1568836372152,42 : 0 : 58 %,CR,1,0
Rumex acetosella,119419,23.3704093202059,0,76.6295906797941,23 : 0 : 77 %,R/CR,1,0
Rumex alpinus,119435,42.2917370584645,57.7082629415355,0,42 : 58 : 0 %,CS,1,0
Rumex crispus,119473,71.7839249678967,0,28.2160750321033,72 : 0 : 28 %,C/CR,1,0
Rumex obtusifolius,119550,72.1058261548724,0,27.8941738451276,72 : 0 : 28 %,C/CR,1,0
Ruscus aculeatus,119698,9.92720699550055,79.3586834684485,10.714109536051,10 : 79 : 11 %,S,1,0
Sagittaria sagittifolia,119860,57.5019121538108,0,42.4980878461892,58 : 0 : 42 %,CR,1,0
Salix alba,119915,27.5331709849747,55.687742839633,16.7790861753923,28 : 56 : 17 %,S/CSR,1,0
Salix caprea,119977,34.9311616383484,51.8417346584774,13.2271037031742,35 : 52 : 13 %,CS/CSR,1,0
Salix purpurea,120189,13.3849828133106,78.1192349469683,8.49578223972108,13 : 78 : 8 %,S/CS,1,0
Salvia glutinosa,120643,55.2975474161768,0,44.7024525838232,55 : 0 : 45 %,CR,1,0
Salvia officinalis,120678,29.6411632972756,64.9127613789074,5.44607532381709,30 : 65 : 5 %,S/CS,1,0
Salvia pratensis,120685,53.5742619500464,8.23237436216724,38.1933636877863,54 : 8 : 38 %,CR,1,0
Sambucus ebulus,120712,79.3108681828863,1.69771051516576,18.9914213019479,79 : 2 : 19 %,C/CR,1,0
Sambucus nigra,120717,55.5768060705115,23.9113257572031,20.5118681722854,56 : 24 : 21 %,C/CSR,1,0
Sambucus racemosa,120720,66.4774028583252,6.17845719105602,27.3441399506188,66 : 6 : 27 %,C/CR,1,0
Sanicula europaea,120772,44.3734090096833,4.41761231490639,51.2089786754103,44 : 4 : 51 %,CR,1,0
Saponaria ocymoides,120823,4.39828404793677,42.898604619669,52.7031113323942,4 : 43 : 53 %,SR,1,0
Saponaria officinalis,120824,45.3795958607222,12.3422020297476,42.2782021095301,45 : 12 : 42 %,CR/CSR,1,0
Scabiosa columbaria,121334,33.5865544544147,28.2052372826668,38.2082082629185,34 : 28 : 38 %,CSR,1,0
Scilla bifolia,121606,39.9765609225545,0,60.0234390774455,40 : 0 : 60 %,CR,1,0
Scrophularia auriculata,121999,77.5119961015359,0,22.4880038984641,78 : 0 : 22 %,C/CR,1,0
Scrophularia nodosa,122028,49.5936106000422,0.045603968114973,50.3607854318429,50 : 0 : 50 %,CR,1,0
Scutellaria galericulata,122069,15.9803020173866,22.882806041738,61.1368919408754,16 : 23 : 61 %,R/CSR,1,0
Sedum acre,122101,0,0,100,0 : 0 : 100 %,R,1,0
Sedum album,122106,0.0245005074476668,93.9257308505461,6.04976864200628,0 : 94 : 6 %,S,1,0
Sedum cepaea,122140,0.212049792653856,85.9346351293858,13.8533150779604,0 : 86 : 14 %,S,1,0
Sempervivum montanum,122467,0,100,0,0 : 100 : 0 %,S,1,0
Sempervivum tectorum,122493,7.0459148817144,92.9540851182856,0,7 : 93 : 0 %,S,1,0
Senecio vulgaris,122745,29.4601418423701,0,70.5398581576299,29 : 0 : 71 %,R/CR,1,0
Silene vulgaris,123683,36.7125373462986,0,63.2874626537014,37 : 0 : 63 %,R/CR,1,0
Sinapis alba,123711,53.8969831264591,0,46.1030168735409,54 : 0 : 46 %,CR,1,0
Sinapis arvensis,123713,62.0098812813897,0,37.9901187186103,62 : 0 : 38 %,CR,1,0
Solidago canadensis,124164,26.0512022159605,51.1079910900895,22.84080669395,26 : 51 : 23 %,S/CSR,1,0
Solidago gigantea,124168,23.5617929117873,54.127183691405,22.3110233968077,24 : 54 : 22 %,S/CSR,1,0
Sonchus asper,124233,46.6083629466905,0,53.3916370533095,47 : 0 : 53 %,CR,1,0
Sorbus aucuparia,124308,49.6935278110643,41.5958744656095,8.71059772332616,50 : 42 : 9 %,CS,1,0
Spartium junceum,124453,25.1922600682443,0,74.8077399317557,25 : 0 : 75 %,R/CR,1,0
Spergula arvensis,124499,19.5024672035413,0,80.4975327964587,20 : 0 : 80 %,R/CR,1,0
Stachys arvensis,124744,16.5904553545245,4.15230930920196,79.2572353362736,17 : 4 : 79 %,R/CR,1,0
Stachys palustris,124798,25.0559509859329,12.8573656270422,62.0866833870249,25 : 13 : 62 %,R/CSR,1,0
Stachys sylvatica,124814,43.7198163231485,0.60840276061898,55.6717809162325,44 : 1 : 56 %,CR,1,0
Stellaria media,125014,12.1115248272135,0,87.8884751727865,12 : 0 : 88 %,R,1,0
Symphoricarpos albus,125324,25.1857490172048,48.9924378823144,25.8218131004808,25 : 49 : 26 %,S/CSR,1,0
Symphytum officinale,125355,65.1292395043854,0,34.8707604956146,65 : 0 : 35 %,C/CR,1,0
Tanacetum parthenium,125469,35.5536594344408,10.3850640215465,54.0612765440126,36 : 10 : 54 %,CR,1,0
Tanacetum vulgare,125474,41.2992313752328,36.282943163947,22.4178254608202,41 : 36 : 22 %,CS/CSR,1,0
Teucrium chamaedrys,125981,6.78610150946844,75.7587502741197,17.4551482164118,7 : 76 : 17 %,S/SR,1,0
Teucrium montanum,126008,0.831042005721535,84.8753307391094,14.2936272551691,1 : 85 : 14 %,S,1,0
Teucrium polium,126019,0,100,0,0 : 100 : 0 %,S,1,0
Teucrium scorodonia,126035,29.3025714608745,30.0064521208384,40.6909764182872,29 : 30 : 41 %,CSR,1,0
Thymus serpyllum,126573,0,73.2646733949513,26.7353266050487,0 : 73 : 27 %,S/SR,1,0
Tilia cordata,126628,34.8646745808879,42.7946297075224,22.3406957115897,35 : 43 : 22 %,CS/CSR,1,0
Tribulus terrestris,127131,6.69730471243215,61.8313071962763,31.4713880912915,7 : 62 : 31 %,S/SR,1,0
Trifolium alpinum,127219,13.5488572686571,76.4080623021376,10.0430804292053,14 : 76 : 10 %,S/CS,1,0
Trifolium arvense,127230,3.2388218009781,72.7041607513648,24.0570174476571,3 : 73 : 24 %,S/SR,1,0
Trifolium pratense,127439,24.0636079674808,38.3538422732158,37.5825497593034,24 : 38 : 38 %,SR/CSR,1,0
Tussilago farfara,128042,88.6010139648755,0,11.3989860351245,89 : 0 : 11 %,C,1,0
Ulmus minor,128175,33.4050692158823,39.1264346581852,27.4684961259324,33 : 39 : 27 %,CSR,1,0
Umbilicus rupestris,128215,12.8797784870713,71.3514133448854,15.7688081680433,13 : 71 : 16 %,S/SR,1,0
Urtica dioica,128268,32.7409636762792,34.4554975366902,32.8035387870305,33 : 34 : 33 %,CSR,1,0
Urtica urens,128298,17.5175566522986,18.0999075717597,64.3825357759417,18 : 18 : 64 %,R/CSR,1,0
Vaccinium myrtillus,128345,4.1862994728685,67.5849806981722,28.2287198289593,4 : 68 : 28 %,S/SR,1,0
Valeriana montana,128416,35.9801398247752,23.3600861911448,40.65977398408,36 : 23 : 41 %,CR/CSR,1,0
Valeriana officinalis,128419,47.6260673084339,12.3797131284142,39.9942195631519,48 : 12 : 40 %,CR/CSR,1,0
Valerianella locusta,128476,13.2493820884175,0,86.7506179115825,13 : 0 : 87 %,R,1,0
Verbascum densiflorum,128567,76.1431447727288,7.6562043735924,16.2006508536788,76 : 8 : 16 %,C/CR,1,0
Verbascum nigrum,128615,89.7826290725736,0,10.2173709274264,90 : 0 : 10 %,C,1,0
Verbena officinalis,128754,21.666915145941,50.0770776752148,28.2560071788442,22 : 50 : 28 %,S/CSR,1,0
Veronica beccabunga,128808,20.3396282994962,0,79.6603717005038,20 : 0 : 80 %,R/CR,1,0
Veronica chamaedrys,128832,31.6627956848852,31.5535793205416,36.7836249945732,32 : 32 : 37 %,CSR,1,0
Veronica officinalis,128938,8.73628515489398,62.7636750565869,28.5000397885191,9 : 63 : 29 %,S/SR,1,0
Viburnum lantana,129083,52.6191383653671,29.5106507396069,17.8702108950259,53 : 30 : 18 %,C/CSR,1,0
Vinca major,129468,39.0262900032359,34.9537149671526,26.0199950296115,39 : 35 : 26 %,CSR,1,0
Vinca minor,129470,16.3973316023824,41.2936600188789,42.3090083787386,16 : 41 : 42 %,SR/CSR,1,0
Viola arvensis,129506,13.8780723615209,0,86.1219276384791,14 : 0 : 86 %,R,1,0
Viola biflora,129520,18.7665294362926,0,81.2334705637074,19 : 0 : 81 %,R/CR,1,0
Viola canina,129529,15.3489913764467,38.564741714708,46.0862669088453,15 : 39 : 46 %,SR/CSR,1,0
Viola collina,129539,33.1816718486496,24.6591651418586,42.1591630094918,33 : 25 : 42 %,CR/CSR,1,0
Viola odorata,129632,40.2754419168989,25.6870354390052,34.0375226440959,40 : 26 : 34 %,CSR,1,0
Viola palustris,129639,26.171026450279,19.5623956084255,54.2665779412954,26 : 20 : 54 %,R/CSR,1,0
Viola reichenbachiana,129666,25.0844274393028,14.6019321578726,60.3136404028246,25 : 15 : 60 %,R/CSR,1,0
Viola rupestris,129674,27.7890712421931,46.7008138276851,25.5101149301217,28 : 47 : 26 %,S/CSR,1,0
Viola tricolor,129723,20.7774181220718,0,79.2225818779282,21 : 0 : 79 %,R/CR,1,0
Viscum album,129906,12.1113093562391,87.8886906437609,0,12 : 88 : 0 %,S,1,0
Xanthium spinosum,130491,22.6973151357704,52.7049135562423,24.5977713079873,23 : 53 : 25 %,S/CSR,1,0
Xanthium strumarium,130492,57.9417722398458,16.1679624243873,25.890265335767,58 : 16 : 26 %,C/CSR,1,0
Asplenium scolopendrium,84524,62.6636177140263,21.2866457293249,16.0497365566488,63 : 21 : 16 %,C/CSR,1,0
Dryopteris filix-mas,95567,71.1827687948854,11.9199571209917,16.8972740841229,71 : 12 : 17 %,C/CR,1,0
Equisetum arvense,96508,28.2773930323403,53.1164934891439,18.6061134785158,28 : 53 : 19 %,S/CSR,1,0
Equisetum hyemale,96523,7.64809062813155,92.3519093718685,0,8 : 92 : 0 %,S,1,0
Equisetum palustre,96534,65.2547757004551,34.7452242995449,0,65 : 35 : 0 %,C/CS,1,0
Equisetum telmateia,96546,9.93413937552299,0,90.065860624477,10 : 0 : 90 %,R,1,0
Equisetum variegatum,762284,7.32777452295377,92.6722254770462,0,7 : 93 : 0 %,S,1,0
Osmunda regalis,111815,64.0230528097943,18.6275380113541,17.3494091788516,64 : 19 : 17 %,C/CSR,1,0
Pteridium aquilinum,116265,71.1289966717202,16.3210991177788,12.5499042105009,71 : 16 : 13 %,C/CS,1,0
Abies alba,79319,10.9715278592691,89.0284721407309,0,11 : 89 : 0 %,S,1,0
Ephedra distachya,96101,14.4080938293719,85.5919061706281,0,14 : 86 : 0 %,S,1,0
Juniperus oxycedrus,104409,0,100,0,0 : 100 : 0 %,S,1,0
Picea abies,113432,4.33439076704566,95.6656092329543,0,4 : 96 : 0 %,S,1,0
Pinus cembra,113651,3.79597921720477,96.2040207827952,0,4 : 96 : 0 %,S,1,0
Pinus halepensis,113665,11.511912789319,88.4880872106811,0,12 : 88 : 0 %,S,1,0
Pinus mugo,113682,2.57743119665302,97.422568803347,0,3 : 97 : 0 %,S,1,0
Pinus pinea,113690,6.14764387898993,93.8523561210101,0,6 : 94 : 0 %,S,1,0
Pinus sylvestris,113703,5.59968278148495,94.4003172185151,0,6 : 94 : 0 %,S,1,0
Pseudotsuga menziesii,116216,0.387117844821123,99.6128821551789,0,0 : 100 : 0 %,S,1,0
Taxus baccata,125816,4.07174369793077,95.9282563020692,0,4 : 96 : 0 %,S,1,0
Drosera anglica,95436,13.7821857602649,0,86.2178142397351,14 : 0 : 86 %,R,1,0
Pulmonaria australis,116412,81.5443239568501,2.265383711899,16.1902923312509,82 : 2 : 16 %,C/CR,1,0
Salicornia europaea,119881,3.18295050645275,96.8170494935472,0,3 : 97 : 0 %,S,1,0
Cormus domestica,92488,29.0128186646914,55.1616386479404,15.8255426873682,29 : 55 : 16 %,S/CSR,1,0
Melilotus officinalis,107942,14.4372652246049,52.2852428009326,33.2774919744625,14 : 52 : 33 %,S/CSR,1,0
Betonica officinalis,85852,41.3829722525999,16.7114238161003,41.9056039312998,41 : 17 : 42 %,CR/CSR,1,0
Capsella bursa-pastoris,87849,26.5690686562279,0,73.4309313437721,27 : 0 : 73 %,R/CR,1,0
Convolvulus sepium,92353,37.8098055660074,0,62.1901944339926,38 : 0 : 62 %,CR,1,0
Corrigiola litoralis,92566,0,0,100,0 : 0 : 100 %,R,1,0
Crataegus germanica,92854,28.9476257677351,43.8341474900839,27.218226742181,29 : 44 : 27 %,S/CSR,1,0
Cyanus segetum,93680,26.0341817014115,13.6803024539826,60.2855158446059,26 : 14 : 60 %,R/CSR,1,0
Dipsacus fullonum,95149,77.8740270939389,2.84407622580745,19.2818966802536,78 : 3 : 19 %,C/CR,1,0
Elytrigia repens,96046,27.7698648061847,48.4713323935243,23.7588028002911,28 : 48 : 24 %,S/CSR,1,0
Erysimum cheiri,97185,46.6627647804141,29.7458248185452,23.5914104010407,47 : 30 : 24 %,C/CSR,1,0
Hyacinthoides non-scripta,103057,60.4459547942747,0,39.5540452057254,60 : 0 : 40 %,CR,1,0
Impatiens noli-tangere,103553,29.3921851190461,0,70.6078148809539,29 : 0 : 71 %,R/CR,1,0
Iris germanica,103737,31.1608462297671,64.8797185592656,3.95943521096732,31 : 65 : 4 %,S/CS,1,0
Melilotus albus,107886,29.5650413701595,34.3563441002934,36.0786145295471,30 : 34 : 36 %,CSR,1,0
Pulsatilla vernalis,116459,26.8951668212758,69.2760785910445,3.82875458767972,27 : 69 : 4 %,S/CS,1,0
Ribes uva-crispa,117787,27.3482030074411,47.6292069952123,25.0225899973466,27 : 48 : 25 %,S/CSR,1,0
Scandix pecten-veneris,121449,56.7715141822536,0,43.2284858177464,57 : 0 : 43 %,CR,1,0
Stellaria aquatica,124970,19.8839318850752,0,80.1160681149248,20 : 0 : 80 %,R/CR,1,0
Vaccinium vitis-idaea,128355,3.06484660405549,96.9351533959445,0,3 : 97 : 0 %,S,1,0
