LB_NOM,CD_REF,C,S,R,CSR,strategy_class
Abutilon theophrasti,79684,64.2570398275736,14.7090884093157,21.0338717631107,64 : 15 : 21 %,C/CR
Acer campestre,79734,36.4385230938179,46.7977879429466,16.7636889632356,36 : 47 : 17 %,CS/CSR
Acer pseudoplatanus,79783,48.672716371109,40.8483662929392,10.4789173359518,49 : 41 : 10 %,CS
Aconitum anthora,80007,35.3700616316671,0.671655232881879,63.958283135451,35 : 1 : 64 %,R/CR
Aegopodium podagraria,80322,60.1940901979969,13.4743917387442,26.3315180632589,60 : 13 : 26 %,C/CSR
Aethionema saxatile,80350,11.7960602542272,70.6652683016256,17.5386714441472,12 : 71 : 18 %,S/SR
Agrimonia eupatoria,80410,43.8728839807437,41.0377349599396,15.0893810593167,44 : 41 : 15 %,CS/CSR
Agrostemma githago,80546,26.7186671549423,46.3991142449258,26.8822186001319,27 : 46 : 27 %,S/CSR
Agrostis alpina,80564,0,100,0,0 : 100 : 0 %,S
Agrostis stolonifera,80759,8.39291560263083,53.6925260057791,37.9145583915901,8 : 54 : 38 %,SR
Ajuga chamaepitys,80978,11.0662679462198,1.99352315383354,86.9402088999467,11 : 2 : 87 %,R
Albizia julibrissin,447347,63.886455965944,25.4485325886974,10.6650114453586,64 : 25 : 11 %,C/CS
Alchemilla glaucescens,81091,34.2974988502963,41.3227570351307,24.379744114573,34 : 41 : 24 %,CS/CSR
Alchemilla subglobosa,717722,38.760803052175,31.6129216694735,29.6262752783515,39 : 32 : 30 %,CSR
Alisma gramineum,81260,21.1093687344675,67.0366328184402,11.8539984470923,21 : 67 : 12 %,S/CS
Alkanna matthioli,81287,10.1324652938896,60.3267174445183,29.5408172615922,10 : 60 : 30 %,S/SR
Allium angulosum,81316,69.7317683997722,0,30.2682316002278,70 : 0 : 30 %,C/CR
Allium carinatum,81336,39.8376305992496,0,60.1623694007504,40 : 0 : 60 %,CR
Allium flavum,81376,9.81014119061597,90.189858809384,0,10 : 90 : 0 %,S
Allium scorodoprasum,81510,14.8422413594773,85.1577586405227,0,15 : 85 : 0 %,S
Allium ursinum,81541,48.9468238912052,0,51.0531761087948,49 : 0 : 51 %,CR
Alnus incana,81570,31.6708973052634,45.9097385182836,22.419364176453,32 : 46 : 22 %,S/CSR
Alopecurus geniculatus,81637,13.2384689573439,44.2388127812661,42.52271826139,13 : 44 : 43 %,SR/CSR
Alopecurus myosuroides,81648,18.1587837183321,41.3395811766029,40.501635105065,18 : 41 : 41 %,SR/CSR
Alopecurus pratensis,81656,22.1770308731393,45.356324199595,32.4666449272657,22 : 45 : 32 %,SR/CSR
Alternanthera philoxeroides,81831,28.7118334753637,0,71.2881665246363,29 : 0 : 71 %,R/CR
Amaranthus blitum,81966,17.0111867746755,0,82.9888132253245,17 : 0 : 83 %,R/CR
Amaranthus cruentus,81976,60.7038871247436,0,39.2961128752564,61 : 0 : 39 %,CR
Amaranthus hybridus,81992,34.3987492682341,0,65.6012507317659,34 : 0 : 66 %,R/CR
Ambrosia psilostachya,610847,21.566959963789,41.1578551694991,37.275184866712,22 : 41 : 37 %,SR/CSR
Ammannia coccinea,82120,38.7220530205709,0,61.2779469794291,39 : 0 : 61 %,CR
Anacamptis coriophora,82282,35.1232442933734,0,64.8767557066266,35 : 0 : 65 %,R/CR
Anacamptis pyramidalis,82288,34.5342397532957,0,65.4657602467043,35 : 0 : 65 %,R/CR
Anarrhinum bellidifolium,82356,35.3117237911429,31.7729620272052,32.9153141816519,35 : 32 : 33 %,CSR
Andromeda polifolia,82420,1.7977692396552,98.2022307603448,0,2 : 98 : 0 %,S
Androsace alpina,82478,0,43.4227562388256,56.5772437611744,0 : 43 : 57 %,SR
Androsace lactea,82509,12.6145259842905,0,87.3854740157095,13 : 0 : 87 %,R
Androsace obtusifolia,82519,0,62.4439150581105,37.5560849418895,0 : 62 : 38 %,SR
Androsace vitaliana,82545,0,100,0,0 : 100 : 0 %,S
Andryala ragusina,82571,16.157093689533,69.8708636056083,13.9720427048587,16 : 70 : 14 %,S/CS
Antennaria carpatica,82794,5.11689757155152,72.7786153144811,22.1044871139673,5 : 73 : 22 %,S/SR
Anthericum liliago,82903,66.2002940416703,0,33.7997059583297,66 : 0 : 34 %,C/CR
Anthericum ramosum,82909,45.899054717236,15.8884556652382,38.2124896175257,46 : 16 : 38 %,CR/CSR
Anthoxanthum aristatum,82916,13.294308986735,33.7574959110409,52.9481951022241,13 : 34 : 53 %,SR/CSR
Anthoxanthum odoratum,82922,15.6231327880739,43.9746513982419,40.4022158136842,16 : 44 : 40 %,SR/CSR
Anthriscus caucalis,82931,49.3089881924684,1.77578106187186,48.9152307456597,49 : 2 : 49 %,CR
Anthyllis barba-jovis,82965,42.5281063069049,57.4718936930951,0,43 : 57 : 0 %,CS
Aphanes arvensis,83159,1.6867478816146,49.1538165591308,49.1594355592546,2 : 49 : 49 %,SR
Aposeris foetida,83234,39.7026389310168,0,60.2973610689832,40 : 0 : 60 %,CR
Arabidopsis arenosa,610746,10.1127519838652,24.0916714596649,65.7955765564698,10 : 24 : 66 %,R/SR
Arabis alpina,83279,26.4484034084599,0,73.5515965915401,26 : 0 : 74 %,R/CR
Arctium minus,83502,83.0053537634624,0.331168982804216,16.6634772537334,83 : 0 : 17 %,C/CR
Arctium nemorosum,83503,86.4908042688299,0,13.5091957311701,86 : 0 : 14 %,C
Arctium tomentosum,83507,92.0826995657992,0,7.91730043420077,92 : 0 : 8 %,C
Argyrolobium zanonii,83722,12.6294961091549,86.6701160188952,0.700387871949938,13 : 87 : 1 %,S
Aristolochia pallida,83789,13.1516211910334,23.2839384311365,63.5644403778301,13 : 23 : 64 %,R/SR
Armeria alpina,83808,5.49190276828604,38.1970313304346,56.3110659012793,5 : 38 : 56 %,SR
Armeria maritima,83832,11.0748503073157,67.5185354330713,21.406614259613,11 : 68 : 21 %,S/SR
Arnica montana,83874,56.0975805957202,0,43.9024194042798,56 : 0 : 44 %,CR
Arnoseris minima,83890,35.922015337904,0,64.077984662096,36 : 0 : 64 %,R/CR
Artemisia campestris,83953,16.458187792957,48.2094490973068,35.3323631097362,16 : 48 : 35 %,SR/CSR
Artemisia pontica,84021,7.29909438499471,70.4569765723465,22.2439290426588,7 : 70 : 22 %,S/SR
Artemisia verlotiorum,84057,31.0226414230084,60.6621727366821,8.3151858403095,31 : 61 : 8 %,S/CS
Artemisia vulgaris,84061,38.6821727754727,26.7959704248637,34.5218567996636,39 : 27 : 35 %,CSR
Asclepias syriaca,84251,67.7661498959067,14.7063891247512,17.5274609793421,68 : 15 : 18 %,C/CR
Asparagus acutifolius,84264,0,100,0,0 : 100 : 0 %,S
Asperula aristata,84296,0.0114317888865945,54.3666871636429,45.6218810474705,0 : 54 : 46 %,SR
Asperula arvensis,84297,4.77541131310188,48.2321798802495,46.9924088066486,5 : 48 : 47 %,SR
Asperula purpurea,84319,0,75.0744136428868,24.9255863571132,0 : 75 : 25 %,S/SR
Asphodelus albus,84338,31.0707995527992,68.9292004472008,0,31 : 69 : 0 %,S/CS
Asphodelus fistulosus,84355,12.417374012123,87.582625987877,0,12 : 88 : 0 %,S
Asplenium ceterach,84472,29.4262394448653,34.1791599237908,36.3946006313439,29 : 34 : 36 %,CSR
Asplenium viride,84540,19.3891550952417,36.4592556646087,44.1515892401497,19 : 36 : 44 %,SR/CSR
Astragalus hamosus,84846,64.5462554356704,19.3106469480195,16.1430976163102,65 : 19 : 16 %,C/CSR
Astragalus stella,84904,0.987454812585248,60.8778386497336,38.1347065376811,1 : 61 : 38 %,SR
Athyrium filix-femina,84999,77.044894905885,0,22.955105094115,77 : 0 : 23 %,C/CR
Atractylis humilis,85023,10.9454887953714,89.0545112046286,0,11 : 89 : 0 %,S
Atriplex laciniata,85079,43.6458533149401,27.808380534061,28.5457661509988,44 : 28 : 29 %,CSR
Atriplex patula,85102,57.23774198196,0,42.76225801804,57 : 0 : 43 %,CR
Avena sterilis,85374,34.9422403608375,20.2262467772788,44.8315128618837,35 : 20 : 45 %,CR/CSR
Avena strigosa,85378,39.3129782961115,15.2187611226604,45.4682605812281,39 : 15 : 45 %,CR/CSR
Barbarea intermedia,85536,52.5977990594578,0,47.4022009405422,53 : 0 : 47 %,CR
Bartsia alpina,85602,10.3271643440083,61.8847121242787,27.7881235317129,10 : 62 : 28 %,S/SR
Bellis annua,85728,10.388629185404,0,89.611370814596,10 : 0 : 90 %,R
Bellis perennis,85740,31.4850100124616,0,68.5149899875384,31 : 0 : 69 %,R/CR
Berberis vulgaris,85774,13.4812689721235,62.5883268331099,23.9304041947666,13 : 63 : 24 %,S/CSR
Bidens connata,85949,27.6276727774616,0,72.3723272225384,28 : 0 : 72 %,R/CR
Bidens frondosa,85957,44.8574776751991,0.352595550230036,54.7899267745709,45 : 0 : 55 %,CR
Bidens pilosa,85972,41.255270556775,2.92128473635946,55.8234447068656,41 : 3 : 56 %,CR
Bidens radiata,85978,64.0080429011879,0,35.9919570988121,64 : 0 : 36 %,C/CR
Bifora radians,85997,32.9314236092276,0,67.0685763907724,33 : 0 : 67 %,R/CR
Bistorta officinalis,86081,42.8101865567392,28.6892780769505,28.5005353663103,43 : 29 : 29 %,CSR
Bistorta vivipara,86082,21.270347912478,44.5446410944843,34.1850109930377,21 : 45 : 34 %,SR/CSR
Bituminaria bituminosa,86083,15.5386226040119,59.0042787688394,25.4570986271487,16 : 59 : 25 %,S/CSR
Blackstonia acuminata,86084,7.29403040957864,0,92.7059695904214,7 : 0 : 93 %,R
Blackstonia perfoliata,86087,17.7571792712466,28.5259398334781,53.7168808952753,18 : 29 : 54 %,R/CSR
Blysmus compressus,86124,15.4775558544865,61.1702541140026,23.352190031511,15 : 61 : 23 %,S/CSR
Borago officinalis,86156,59.0834241889694,0,40.9165758110306,59 : 0 : 41 %,CR
Brachypodium distachyon,86262,1.53727993693742,57.5408535553558,40.9218665077068,2 : 58 : 41 %,SR
Brachypodium pinnatum,86289,25.1599759996279,43.1260547341251,31.713969266247,25 : 43 : 32 %,CSR
Brachypodium retusum,86297,3.86950752449035,58.6643810526334,37.4661114228762,4 : 59 : 37 %,SR
Brassica oleracea,86406,51.3363117470877,0,48.6636882529123,51 : 0 : 49 %,CR
Briza media,86490,14.3114559925708,52.221358405583,33.4671856018463,14 : 52 : 33 %,SR/CSR
Bromus arvensis,86537,26.2136784019361,43.623252803239,30.1630687948249,26 : 44 : 30 %,CSR
Bromus commutatus,86571,26.8988012842592,31.2446164411901,41.8565822745508,27 : 31 : 42 %,CSR
Bromus hordeaceus,86634,12.1890835012563,45.4407895193753,42.3701269793684,12 : 45 : 42 %,SR/CSR
Buglossoides incrassata,610662,15.3560626329334,9.97936955114953,74.6645678159171,15 : 10 : 75 %,R/CR
Bunium bulbocastanum,86983,46.7696788444854,0,53.2303211555146,47 : 0 : 53 %,CR
Buphthalmum salicifolium,87009,26.0119382085043,19.9071479564399,54.0809138350558,26 : 20 : 54 %,R/CSR
Bupleurum rigidum,87093,32.7989840203568,59.8692387296851,7.33177724995815,33 : 60 : 7 %,S/CS
Calamagrostis arundinacea,87212,25.6128973430132,50.8002058041215,23.5868968528653,26 : 51 : 24 %,S/CSR
Campanula barbata,87607,27.5310865445129,43.3950804228322,29.0738330326549,28 : 43 : 29 %,CSR
Campanula bononiensis,87613,26.6028793687214,44.7928097381051,28.6043108931734,27 : 45 : 29 %,S/CSR
Campanula erinus,87636,10.8490720540101,0,89.1509279459899,11 : 0 : 89 %,R
Campanula patula,87690,38.7139314993901,0,61.2860685006099,39 : 0 : 61 %,CR
Campanula rotundifolia,87720,5.01766255067146,47.5418799633367,47.4404574859918,5 : 48 : 47 %,SR
Campanula trachelium,87742,41.2505346099808,0,58.7494653900192,41 : 0 : 59 %,CR
Cardamine heptaphylla,87925,57.9228819623918,0,42.0771180376082,58 : 0 : 42 %,CR
Cardamine hirsuta,87930,10.6184789493291,0,89.3815210506709,11 : 0 : 89 %,R
Cardamine impatiens,87933,8.49001311662745,47.2703104179893,44.2396764653833,8 : 47 : 44 %,SR
Cardamine pratensis,87964,40.248847463494,15.0600388922555,44.6911136442505,40 : 15 : 45 %,CR/CSR
Carduus acanthoides,88059,38.6213889066661,57.1206644677123,4.25794662562154,39 : 57 : 4 %,CS
Carex arenaria,88349,17.3977652404378,64.5858375886538,18.0163971709085,17 : 65 : 18 %,S/CSR
Carex brunnescens,88400,7.70261907011315,83.2583342264114,9.03904670347539,8 : 83 : 9 %,S
Carex curvula,88453,5.05705262786597,91.2849686706861,3.65797870144794,5 : 91 : 4 %,S
Carex demissa,771637,15.160487223674,55.3710088221674,29.4685039541586,15 : 55 : 29 %,S/CSR
Carex extensa,88502,25.0170261451351,74.9829738548649,0,25 : 75 : 0 %,S/CS
Carex halleriana,88560,8.95751058790954,73.4322294393086,17.6102599727819,9 : 73 : 18 %,S/SR
Carex humilis,88582,6.72876708164283,76.787094293584,16.4841386247732,7 : 77 : 16 %,S/SR
Carex liparocarpos,88637,9.53878029822911,82.5614581110908,7.8997615906801,10 : 83 : 8 %,S
Carex mucronata,88693,0.688354650086013,99.311645349914,0,1 : 99 : 0 %,S
Carex otrubae,88741,34.9522229330562,44.5435645827612,20.5042124841825,35 : 45 : 21 %,CS/CSR
Carex pilulifera,88775,13.3208121488036,53.9801036055631,32.6990842456333,13 : 54 : 33 %,S/CSR
Carex remota,88819,13.7308934424992,42.1875194337828,44.081587123718,14 : 42 : 44 %,SR/CSR
Carex riparia,88833,51.7625037032495,39.7321591482736,8.50533714847685,52 : 40 : 9 %,CS
Carex tomentosa,88916,14.3920661131051,62.0038350492337,23.6040988376612,14 : 62 : 24 %,S/CSR
Carex vaginata,88932,12.0572980676934,54.0264608075206,33.916241124786,12 : 54 : 34 %,SR/CSR
Carex viridula,88949,5.86541888658064,70.3060698998378,23.8285112135815,6 : 70 : 24 %,S/SR
Catananche caerulea,89330,44.7854102451934,0,55.2145897548066,45 : 0 : 55 %,CR
Celtis australis,89468,36.8078766224844,38.7942957426049,24.3978276349107,37 : 39 : 24 %,CS/CSR
Centaurea jacea,89619,35.7782592309056,27.185230653528,37.0365101155664,36 : 27 : 37 %,CSR
Centaurea stoebe,89716,31.2785030965178,10.832473760856,57.8890231426262,31 : 11 : 58 %,R/CSR
Centaurium littorale,89845,1.03903895339324,42.9541153445359,56.0068457020709,1 : 43 : 56 %,SR
Centranthus ruber,89888,57.9611089307141,0,42.0388910692859,58 : 0 : 42 %,CR
Cephalaria leucantha,89940,58.7665794215545,41.2334205784455,0,59 : 41 : 0 %,CS
Cerastium brachypetalum,89979,4.94835939946347,23.8001766761123,71.2514639244242,5 : 24 : 71 %,R/SR
Cerastium pumilum,90076,0,0,100,0 : 0 : 100 %,R
Ceratocephala falcata,90180,2.5088682717598,49.721844658326,47.7692870699142,3 : 50 : 48 %,SR
Chamaenerion angustifolium,90483,37.976396050764,31.5176032896104,30.5060006596256,38 : 32 : 31 %,CSR
Chenopodium ficifolium,90724,29.1991637551011,31.0349760590412,39.7658601858577,29 : 31 : 40 %,CSR
Chrysosplenium alternifolium,91118,29.5232995619781,0,70.476700438022,30 : 0 : 70 %,R/CR
Chrysosplenium oppositifolium,91120,17.7116449871532,0,82.2883550128468,18 : 0 : 82 %,R/CR
Cichorium intybus,91169,55.824270977314,11.1605382944783,33.0151907282077,56 : 11 : 33 %,C/CSR
Circaea alpina,91256,15.9871964587951,0,84.0128035412049,16 : 0 : 84 %,R
Cirsium arvense,91289,57.3922668508256,6.64425022491698,35.9634829242575,57 : 7 : 36 %,CR
Cirsium dissectum,91322,62.0258914577065,0,37.9741085422935,62 : 0 : 38 %,CR
Cirsium oleraceum,91378,76.3876184837981,0,23.6123815162019,76 : 0 : 24 %,C/CR
Cirsium tuberosum,91422,84.1626038070435,5.84978729734165,9.98760889561484,84 : 6 : 10 %,C
Cirsium vulgare,91430,84.4503812538587,0,15.5496187461413,84 : 0 : 16 %,C
Cistus albidus,91630,33.6283991444889,66.3716008555111,0,34 : 66 : 0 %,S/CS
Cistus ladanifer,91680,15.2967788772708,84.7032211227292,0,15 : 85 : 0 %,S
Cistus salviifolius,91715,36.8906918312358,48.0731354374852,15.036172731279,37 : 48 : 15 %,CS/CSR
Clematis vitalba,91886,50.4398926448224,25.5754322357591,23.9846751194185,50 : 26 : 24 %,C/CSR
Clinopodium nepeta,91910,6.69832557837189,55.5071414226762,37.7945329989519,7 : 56 : 38 %,SR
Cochlearia anglica,92029,3.83144799246232,82.1618254994509,14.0067265080867,4 : 82 : 14 %,S
Colchicum bulbocodium,92132,34.0579997907682,11.2813632726641,54.6606369365677,34 : 11 : 55 %,CR/CSR
Colocasia esculenta,447722,87.8448812485016,0,12.1551187514984,88 : 0 : 12 %,C
Conringia orientalis,92254,56.3655293187622,0,43.6344706812378,56 : 0 : 44 %,CR
Convallaria majalis,92282,50.5240337436319,10.8906361498959,38.5853301064722,51 : 11 : 39 %,CR/CSR
Convolvulus arvensis,92302,31.8291715568378,6.10405640847502,62.0667720346872,32 : 6 : 62 %,R/CR
Convolvulus lanuginosus,92329,5.14981796329867,87.4482729650815,7.40190907161986,5 : 87 : 7 %,S
Convolvulus lineatus,92331,30.9021301329564,35.1040852436547,33.9937846233889,31 : 35 : 34 %,CSR
Cornus sanguinea,92501,32.7170205096885,49.1444674688696,18.1385120214419,33 : 49 : 18 %,CS/CSR
Coronilla coronata,92515,40.5657260573382,24.9685589960219,34.4657149466399,41 : 25 : 34 %,CR/CSR
Corydalis solida,92594,32.6386730921016,0,67.3613269078984,33 : 0 : 67 %,R/CR
Corylus avellana,92606,35.6601008121193,51.1308244406193,13.2090747472615,36 : 51 : 13 %,CS/CSR
Cota tinctoria,92629,20.6066268363315,37.6825181414453,41.7108550222232,21 : 38 : 42 %,SR/CSR
Cotoneaster integerrimus,92667,16.1386704887523,70.7806475212064,13.0806819900413,16 : 71 : 13 %,S/CS
Crambe maritima,92782,48.423575488526,51.576424511474,0,48 : 52 : 0 %,CS
Crassula helmsii,92793,0,0,100,0 : 0 : 100 %,R
Crepis aurea,93004,63.4745568250719,0,36.5254431749281,63 : 0 : 37 %,C/CR
Crepis capillaris,93023,36.7882181830623,0,63.2117818169377,37 : 0 : 63 %,R/CR
Crepis conyzifolia,93027,40.9157925613911,59.0842074386089,0,41 : 59 : 0 %,CS
Crithmum maritimum,93190,5.36354319757136,94.6364568024286,0,5 : 95 : 0 %,S
Crocus vernus,93282,16.8933053166681,56.1800854467711,26.9266092365609,17 : 56 : 27 %,S/CSR
Cruciata glabra,93307,3.44114308842421,69.7004476925815,26.8584092189943,3 : 70 : 27 %,S/SR
Cytisus hirsutus,94123,28.9804760076148,6.65870391457547,64.3608200778097,29 : 7 : 64 %,R/CR
Dactylorhiza maculata,94266,48.3368997909842,0,51.6631002090158,48 : 0 : 52 %,CR
Dactylorhiza traunsteineri,94287,32.8746481434502,0,67.1253518565498,33 : 0 : 67 %,R/CR
Danthonia decumbens,94402,12.2197546630589,64.9784411111815,22.8018042257596,12 : 65 : 23 %,S/SR
Daphne cneorum,94423,1.47705317537261,80.8610174606792,17.6619293639482,1 : 81 : 18 %,S/SR
Daphne mezereum,94435,22.3422059104889,30.3651649127192,47.2926291767919,22 : 30 : 47 %,R/CSR
Datura stramonium,94489,75.6197775166341,0,24.3802224833659,76 : 0 : 24 %,C/CR
Daucus carota,94503,42.1026931126545,35.9709004700878,21.9264064172577,42 : 36 : 22 %,CS/CSR
Dianthus barbatus,94698,36.4900704314906,34.9930125929308,28.5169169755786,36 : 35 : 29 %,CSR
Dianthus deltoides,94728,1.51816870408476,60.5325881087764,37.9492431871389,2 : 61 : 38 %,SR
Digitaria ischaemum,94985,8.89001258149906,0,91.1099874185009,9 : 0 : 91 %,R
Diospyros virginiana,611108,56.1473280694187,16.1719733278347,27.6806986027466,56 : 16 : 28 %,C/CSR
Diphasiastrum alpinum,95056,3.24610918851574,96.7538908114843,0,3 : 97 : 0 %,S
Dipsacus pilosus,95154,54.4719292891691,0,45.5280707108309,54 : 0 : 46 %,CR
Dittrichia viscosa,95187,28.3449193513702,26.5199564408282,45.1351242078017,28 : 27 : 45 %,R/CSR
Doronicum austriacum,95209,52.9236099562863,0,47.0763900437137,53 : 0 : 47 %,CR
Doronicum pardalianches,95239,61.9063512935291,0,38.0936487064708,62 : 0 : 38 %,CR
Draba verna,95372,3.54778769730601,0,96.452212302694,4 : 0 : 96 %,R
Drosera intermedia,95438,0,11.8745858681859,88.1254141318141,0 : 12 : 88 %,R
Dryopteris affinis,95547,76.4341720106856,8.97290902721104,14.5929189621033,76 : 9 : 15 %,C/CR
Dryopteris expansa,95566,46.2119132601074,23.0891175554159,30.6989691844767,46 : 23 : 31 %,C/CSR
Dysphania ambrosioides,611753,37.190099516863,2.65255785209963,60.1573426310373,37 : 3 : 60 %,CR
Echinops exaltatus,95700,53.3122616032183,32.8593933918455,13.8283450049362,53 : 33 : 14 %,C/CSR
Echinops ritro,95709,62.5198772392112,37.4801227607888,0,63 : 37 : 0 %,C/CS
Elaeagnus umbellata,95841,21.5094686113479,47.4890701859348,31.0014612027173,22 : 47 : 31 %,S/CSR
Elatine hydropiper,95860,0,0,100,0 : 0 : 100 %,R
Eleocharis ovata,95919,24.218052658315,0,75.781947341685,24 : 0 : 76 %,R/CR
Eleusine indica,95965,14.1145858732649,33.6665849061948,52.2188292205403,14 : 34 : 52 %,SR/CSR
Elymus caninus,95992,18.2669884513053,50.8121768293858,30.9208347193089,18 : 51 : 31 %,S/CSR
Empetrum nigrum,96069,0,100,0,0 : 100 : 0 %,S
Ephedra major,96106,6.53970687940358,93.4602931205964,0,7 : 93 : 0 %,S
Epilobium alpestre,96127,18.8992452578721,24.5314051707321,56.5693495713958,19 : 25 : 57 %,R/CSR
Epilobium ciliatum,96149,30.0544619934334,0,69.9455380065666,30 : 0 : 70 %,R/CR
Epilobium roseum,96251,21.2605792882928,0,78.7394207117072,21 : 0 : 79 %,R/CR
Epipactis palustris,96465,44.5258614634083,13.6061315564626,41.8680069801291,45 : 14 : 42 %,CR/CSR
Equisetum sylvaticum,96545,9.92595800985948,46.6767352760002,43.3973067141403,10 : 47 : 43 %,SR
Eragrostis minor,96613,11.4703848405438,50.4464439178247,38.0831712416315,11 : 50 : 38 %,SR/CSR
Erica multiflora,96683,6.49350081637683,93.5064991836232,0,6 : 94 : 0 %,S
Erigeron acris,611688,24.1413847097057,25.1643087220379,50.6943065682564,24 : 25 : 51 %,R/CSR
Erigeron alpinus,96736,12.38264527446,45.8766093552397,41.7407453703003,12 : 46 : 42 %,SR/CSR
Erigeron annuus,96739,21.0217130710179,33.1499577647289,45.8283291642532,21 : 33 : 46 %,SR/CSR
Erigeron canadensis,96749,20.3487921671887,61.8897995607474,17.7614082720639,20 : 62 : 18 %,S/CSR
Erigeron karvinskianus,96775,15.0397455553284,13.2229372403033,71.7373172043683,15 : 13 : 72 %,R/CR
Eritrichium nanum,96872,0,100,0,0 : 100 : 0 %,S
Erodium ciconium,96894,37.1887225124799,20.3545767045435,42.4567007829766,37 : 20 : 42 %,CR/CSR
Erodium cicutarium,96895,21.1456064663219,20.3617288740615,58.4926646596166,21 : 20 : 58 %,R/CSR
Erodium malacoides,96919,21.5854942984283,24.7774349933425,53.6370707082292,22 : 25 : 54 %,R/CSR
Eryngium campestre,97141,80.0967849397897,19.9032150602103,0,80 : 20 : 0 %,C/CS
Eryngium maritimum,97145,29.7571774093118,70.2428225906882,0,30 : 70 : 0 %,S/CS
Erysimum cheiranthoides,97183,28.3158866925062,30.7001129659051,40.9840003415887,28 : 31 : 41 %,CSR
Erythronium dens-canis,97325,52.4485614582969,0,47.5514385417031,52 : 0 : 48 %,CR
Eucalyptus delegatensis,611735,25.327981462262,74.672018537738,0,25 : 75 : 0 %,S/CS
Euonymus europaeus,609982,27.564772925766,54.0985868342845,18.3366402399495,28 : 54 : 18 %,S/CSR
Euphorbia amygdaloides,97452,14.9640978236478,31.8660502109659,53.1698519653864,15 : 32 : 53 %,R/CSR
Euphorbia characias,97478,32.996939602577,60.8013170372587,6.20174336016435,33 : 61 : 6 %,S/CS
Euphorbia dendroides,97492,16.4796920813271,50.2987447537154,33.2215631649575,16 : 50 : 33 %,SR/CSR
Euphorbia exigua,97511,0,37.4627639054329,62.5372360945671,0 : 37 : 63 %,R/SR
Euphorbia humifusa,97543,4.43826083463483,70.177220863351,25.3845183020141,4 : 70 : 25 %,S/SR
Euphorbia palustris,97601,17.368774250688,54.1076541523546,28.5235715969574,17 : 54 : 29 %,S/CSR
Euphrasia minima,97772,0,95.381391472883,4.61860852711701,0 : 95 : 5 %,S
Euphrasia nemorosa,97776,1.5580581642195,46.5175833884496,51.9243584473309,2 : 47 : 52 %,SR
Euphrasia officinalis,97781,3.06403946988033,54.8550457974372,42.0809147326825,3 : 55 : 42 %,SR
Euthamia graminifolia,97862,16.8668431128509,65.2043442594412,17.928812627708,17 : 65 : 18 %,S/CSR
Falcaria vulgaris,97956,74.4952648179491,11.3911238025762,14.1136113794747,74 : 11 : 14 %,C/CR
Fallopia convolvulus,97962,23.1334818252262,25.0587200724725,51.8077981023013,23 : 25 : 52 %,R/CSR
Festuca halleri,98272,0,94.4947313356353,5.50526866436473,0 : 94 : 6 %,S
Festuca heterophylla,98280,11.7978974080773,57.1175353971113,31.0845671948114,12 : 57 : 31 %,S/CSR
Festuca nigrescens,98404,6.34560690013055,75.2759804650375,18.378412634832,6 : 75 : 18 %,S/SR
Festuca pallens,98426,6.97722492667218,93.0227750733278,0,7 : 93 : 0 %,S
Ficaria verna,98651,32.3646807692438,0,67.6353192307562,32 : 0 : 68 %,R/CR
Ficus carica,98653,69.8088049166205,26.1038297821509,4.0873653012286,70 : 26 : 4 %,C/CS
Filago pyramidata,98699,1.23665459351473,46.0706465520372,52.6926988544481,1 : 46 : 53 %,SR
Fragaria viridis,98868,20.7143016334644,57.6625855763289,21.6231127902067,21 : 58 : 22 %,S/CSR
Fraxinus pennsylvanica,98939,50.2628491829409,22.899607657178,26.8375431598811,50 : 23 : 27 %,C/CSR
Fumaria parviflora,99111,33.6603595580689,0,66.3396404419311,34 : 0 : 66 %,R/CR
Fumaria vaillantii,99139,10.2363913358687,0,89.7636086641313,10 : 0 : 90 %,R
Gagea lutea,99185,41.0661539284291,0,58.9338460715709,41 : 0 : 59 %,CR
Gagea spathacea,99206,17.2107584364412,0,82.7892415635588,17 : 0 : 83 %,R/CR
Galatella linosyris,99244,5.45451396877093,81.4736248585954,13.0718611726337,5 : 81 : 13 %,S
Galega officinalis,99260,40.5569596669928,43.2199710087441,16.2230693242631,41 : 43 : 16 %,CS/CSR
Galeopsis speciosa,99331,34.9575045071714,24.9106311792046,40.131864313624,35 : 25 : 40 %,CR/CSR
Galeopsis tetrahit,99334,30.4635179842845,0,69.5364820157154,30 : 0 : 70 %,R/CR
Galinsoga quadriradiata,99359,31.5976828213485,0,68.4023171786515,32 : 0 : 68 %,R/CR
Galium aparine,99373,33.2510860118632,4.27629050434647,62.4726234837903,33 : 4 : 62 %,R/CR
Galium glaucum,99429,3.52820409448336,48.5831432176046,47.888652687912,4 : 49 : 48 %,SR
Galium saxatile,99529,0,22.2552947299303,77.7447052700697,0 : 22 : 78 %,R/SR
Galium verticillatum,99581,0,74.0058352962503,25.9941647037497,0 : 74 : 26 %,S/SR
Genista tinctoria,99828,10.1980419156845,59.1505787190532,30.6513793652622,10 : 59 : 31 %,S/CSR
Gentiana asclepiadea,99862,35.0527725690942,13.2597854713007,51.6874419596052,35 : 13 : 52 %,CR/CSR
Gentiana pneumonanthe,99922,9.22803811507777,50.5098384724075,40.2621234125147,9 : 51 : 40 %,SR
Geranium dissectum,100052,16.7913649260988,29.482480480602,53.7261545932992,17 : 29 : 54 %,R/CSR
Geranium pusillum,100133,38.5278807314509,12.7362854298601,48.735833838689,39 : 13 : 49 %,CR/CSR
Geum montanum,100208,29.7947459214514,70.2052540785486,0,30 : 70 : 0 %,S/CS
Geum reptans,100214,26.6865409956715,64.6131170579706,8.70034194635783,27 : 65 : 9 %,S/CS
Geum urbanum,100225,40.4602860441928,27.4952153930278,32.0444985627794,40 : 27 : 32 %,CSR
Gladiolus imbricatus,100273,42.9476592813708,37.2969659639823,19.7553747546469,43 : 37 : 20 %,CS/CSR
Gladiolus palustris,100278,40.3048492187003,33.3697539517287,26.325396829571,40 : 33 : 26 %,CSR
Glebionis segetum,100304,24.4524545793512,0,75.5475454206488,24 : 0 : 76 %,R/CR
Gleditsia triacanthos,100330,59.3366035069342,25.9369607168734,14.7264357761924,59 : 26 : 15 %,C/CSR
Globularia bisnagarica,100338,24.6632148288324,75.3367851711676,0,25 : 75 : 0 %,S/CS
Globularia vulgaris,100356,8.3905105314166,91.6094894685834,0,8 : 92 : 0 %,S
Gymnadenia nigra,100613,23.2649684012949,0,76.7350315987051,23 : 0 : 77 %,R/CR
Gymnadenia odoratissima,100614,37.7117586213306,0,62.2882413786694,38 : 0 : 62 %,CR
Gymnocarpium dryopteris,100636,36.1959033808201,16.5455113571892,47.2585852619907,36 : 17 : 47 %,CR/CSR
Hedysarum hedysaroides,100839,6.53637621243388,43.8714672448754,49.5921565426907,7 : 44 : 50 %,SR
Helianthemum marifolium,100946,0,100,0,0 : 100 : 0 %,S
Helianthus tuberosus,101055,55.1054268771672,25.9048502301117,18.9897228927211,55 : 26 : 19 %,C/CSR
Helichrysum stoechas,101101,3.93330336727602,80.5649134736467,15.5017831590773,4 : 81 : 16 %,S/SR
Helleborus niger,101196,79.9156858548205,17.4402043774499,2.64410976772964,80 : 17 : 3 %,C/CS
Helminthotheca echioides,101210,52.0668016804336,0,47.9331983195664,52 : 0 : 48 %,CR
Helosciadium nodiflorum,101221,40.4916871861209,0,59.5083128138791,40 : 0 : 60 %,CR
Heracleum sphondylium,101300,77.0772485534502,9.60000969314376,13.322741753406,77 : 10 : 13 %,C/CR
Herminium monorchis,101315,15.771218410278,0,84.228781589722,16 : 0 : 84 %,R
Hieracium humile,102055,39.7977909786168,4.70172244620476,55.5004865751785,40 : 5 : 56 %,CR
Hieracium maculatum,102189,51.3024602711511,5.81422763581236,42.8833120930365,51 : 6 : 43 %,CR
Hieracium prenanthoides,102392,35.96506241818,19.2705538660235,44.7643837157965,36 : 19 : 45 %,CR/CSR
Hippocrepis comosa,102842,13.6893211945707,52.0237727669238,34.2869060385055,14 : 52 : 34 %,SR/CSR
Hippocrepis emerus,102845,28.1882398611129,12.1582377182733,59.6535224206138,28 : 12 : 60 %,R/CSR
Hirschfeldia incana,102876,60.899274495093,0,39.100725504907,61 : 0 : 39 %,CR
Homogyne alpina,102925,25.4967218478477,74.5032781521523,0,25 : 75 : 0 %,S/CS
Hordeum jubatum,102964,9.7123328042585,50.7031440366507,39.5845231590908,10 : 51 : 40 %,SR
Hordeum marinum,102968,3.87090884734501,32.3662745217329,63.7628166309221,4 : 32 : 64 %,R/SR
Hydrocharis morsus-ranae,103120,32.025839081446,0,67.974160918554,32 : 0 : 68 %,R/CR
Hydrocotyle vulgaris,103142,28.0908104238522,0,71.9091895761478,28 : 0 : 72 %,R/CR
Hylotelephium telephium,103162,10.2945638824982,78.0953705003402,11.6100656171617,10 : 78 : 12 %,S/SR
Hyparrhenia hirta,103216,11.7984726358424,73.4391666528128,14.7623607113448,12 : 73 : 15 %,S/SR
Hypericum humifusum,103288,3.15303334005223,32.0079338713896,64.8390327885582,3 : 32 : 65 %,R/SR
Hypericum montanum,103301,16.4761540037926,42.5247293903499,40.9991166058575,16 : 43 : 41 %,SR/CSR
Hypericum pulchrum,103320,4.53422927906012,63.9252643122497,31.5405064086902,5 : 64 : 32 %,S/SR
Hypochaeris glabra,103364,32.8501387049945,0,67.1498612950055,33 : 0 : 67 %,R/CR
Hypochaeris maculata,103369,63.8333653999733,2.12427292868583,34.0423616713408,64 : 2 : 34 %,C/CR
Hypochaeris uniflora,103383,46.3474136426917,0,53.6525863573083,46 : 0 : 54 %,CR
Impatiens balfourii,103543,46.8637271977028,0,53.1362728022972,47 : 0 : 53 %,CR
Inula britannica,103598,55.3987155489598,0,44.6012844510402,55 : 0 : 45 %,CR
Inula helenium,103627,64.7807031379331,25.6970136433995,9.52228321866742,65 : 26 : 10 %,C/CS
Inula salicina,103648,25.2233310756703,36.6622250534355,38.1144438708942,25 : 37 : 38 %,CSR
Iris graminea,103738,35.5034823354834,33.3798447308904,31.1166729336262,36 : 33 : 31 %,CSR
Iris sibirica,103777,46.3978572771156,38.192084967419,15.4100577554654,46 : 38 : 15 %,CS/CSR
Isolepis setacea,103898,4.49258517024393,6.13720871960021,89.3702061101559,4 : 6 : 89 %,R
Jacobaea alpina,610648,62.4642254689361,8.34989811904878,29.1858764120151,62 : 8 : 29 %,C/CR
Jacobaea incana,610642,25.6485794113473,54.8649548386655,19.4864657499872,26 : 55 : 19 %,S/CSR
Jacobaea maritima,610643,43.754956780737,56.245043219263,0,44 : 56 : 0 %,CS
Jacobaea paludosa,103995,52.9975964098174,12.6057890390421,34.3966145511405,53 : 13 : 34 %,CR/CSR
Juncus acutiflorus,104101,45.2037000279043,48.9048660712886,5.89143390080714,45 : 49 : 6 %,CS
Juncus alpinoarticulatus,104111,4.40244383316762,65.5211837337735,30.0763724330589,4 : 66 : 30 %,S/SR
Juncus articulatus,104126,22.431537456318,64.8724602488263,12.6960022948556,22 : 65 : 13 %,S/CS
Juncus compressus,104155,11.7428880538923,67.1319509671213,21.1251609789864,12 : 67 : 21 %,S/SR
Juncus maritimus,104246,18.7478296234115,81.2521703765885,0,19 : 81 : 0 %,S/CS
Juniperus communis,104397,0,100,0,0 : 100 : 0 %,S
Kickxia elatine,104502,10.6638674828602,4.52665699129365,84.8094755258461,11 : 5 : 85 %,R
Koeleria macrantha,104644,8.1804730388489,70.4080110655046,21.4115158956465,8 : 70 : 21 %,S/SR
Laburnum alpinum,104715,40.1422035622838,40.6861726079811,19.1716238297351,40 : 41 : 19 %,CS/CSR
Laburnum anagyroides,104716,36.5520875368182,34.8187315503447,28.629180912837,37 : 35 : 29 %,CSR
Lactuca quercina,104766,40.382125824315,2.52209706693861,57.0957771087464,40 : 3 : 57 %,CR
Lactuca virosa,104787,64.4289964832091,4.60114413601292,30.969859380778,64 : 5 : 31 %,C/CR
Lamium galeobdolon,104876,34.3897095541605,24.1410219104758,41.4692685353637,34 : 24 : 41 %,CR/CSR
Laphangium luteoalbum,610681,8.58155473618581,15.9252605810899,75.4931846827243,9 : 16 : 75 %,R/SR
Larix decidua,105042,0,97.4520733436868,2.5479266563132,0 : 97 : 3 %,S
Laserpitium siler,105092,61.3237031822517,31.8200187008458,6.85627811690243,61 : 32 : 7 %,C/CS
Lathyrus hirsutus,105201,20.7259769854882,25.5786140790879,53.6954089354239,21 : 26 : 54 %,R/CSR
Lathyrus japonicus,105206,47.9987992290644,22.7547945686468,29.2464062022888,48 : 23 : 29 %,C/CSR
Lathyrus pannonicus,105241,26.5176643927305,48.3780565421824,25.1042790650871,27 : 48 : 25 %,S/CSR
Leersia oryzoides,105400,17.5313392594829,47.3373722539553,35.1312884865618,18 : 47 : 35 %,SR/CSR
Lemna minor,105431,0,0,100,0 : 0 : 100 %,R
Leontodon crispus,105490,40.2077967998819,0,59.7922032001181,40 : 0 : 60 %,CR
Leontodon hispidus,105502,40.7103420362938,0,59.2896579637062,41 : 0 : 59 %,CR
Leontodon saxatilis,105521,30.9554631323595,2.00549423720508,67.0390426304354,31 : 2 : 67 %,R/CR
Lepidium coronopus,984396,20.0771868560952,0,79.9228131439048,20 : 0 : 80 %,R/CR
Lepidium didymum,105615,19.793312798745,1.2186963702614,78.9879908309936,20 : 1 : 79 %,R/CR
Lepidium latifolium,105641,80.3126859063301,0,19.6873140936699,80 : 0 : 20 %,C/CR
Lepidium sativum,105673,33.0908853803939,0,66.9091146196061,33 : 0 : 67 %,R/CR
Lepidium virginicum,105689,15.0550858782675,29.1470233266297,55.7978907951028,15 : 29 : 56 %,R/CSR
Leucanthemum ircutianum,105795,33.5719649794813,0,66.4280350205187,34 : 0 : 66 %,R/CR
Leucojum vernum,105841,50.0213148566209,0,49.9786851433791,50 : 0 : 50 %,CR
Libanotis pyrenaica,610580,69.169456358455,2.78861023889124,28.0419334026538,69 : 3 : 28 %,C/CR
Ligularia sibirica,105908,53.225147888083,20.1267151311037,26.6481369808133,53 : 20 : 27 %,C/CSR
Lilium martagon,105989,49.0503298461695,0,50.9496701538305,49 : 0 : 51 %,CR
Limonium binervosum,106047,10.0546203364047,69.4421405860171,20.5032390775782,10 : 69 : 21 %,S/SR
Limonium echioides,106070,8.04072210621031,84.8193978745394,7.13988001925028,8 : 85 : 7 %,S
Limonium vulgare,106112,61.0040859952415,33.1218431787944,5.87407082596413,61 : 33 : 6 %,C/CS
Linnaea borealis,106260,3.90687164051273,57.7928524998735,38.3002758596138,4 : 58 : 38 %,SR
Linum austriacum,106280,0,81.1523038819747,18.8476961180253,0 : 81 : 19 %,S/SR
Linum usitatissimum,106349,1.97000765140062,6.40596252743563,91.6240298211637,2 : 6 : 92 %,R
Lithospermum officinale,106396,29.0548507396077,28.1005086559229,42.8446406044694,29 : 28 : 43 %,CSR
Lolium remotum,106504,44.1175215105881,2.56474506240346,53.3177334270084,44 : 3 : 53 %,CR
Lolium temulentum,106517,34.1014165918837,21.5576962359193,44.340887172197,34 : 22 : 44 %,CR/CSR
Lonicera japonica,106571,26.2497665178266,52.5887724398459,21.1614610423275,26 : 53 : 21 %,S/CSR
Lotus dorycnium,106664,9.16873350997019,63.9199124944578,26.911353995572,9 : 64 : 27 %,S/SR
Luzula multiflora,106842,11.2234229248214,40.4000043723728,48.3765727028058,11 : 40 : 48 %,SR/CSR
Lychnis coronaria,106910,34.8421836679907,55.3757158272113,9.78210050479803,35 : 55 : 10 %,CS
Lysimachia arvensis,610909,4.04165120899999,0,95.958348791,4 : 0 : 96 %,R
Lysimachia tenella,107085,0,0,100,0 : 0 : 100 %,R
Lythrum virgatum,107126,13.6104548853434,78.5359765103052,7.85356860435141,14 : 79 : 8 %,S/CS
Malus sylvestris,107217,20.7137559412303,69.1689556532984,10.1172884054712,21 : 69 : 10 %,S/CS
Malva alcea,107224,51.7468912226017,0,48.2531087773983,52 : 0 : 48 %,CR
Malva sylvestris,107318,58.682692244967,4.13803550611528,37.1792722489177,59 : 4 : 37 %,CR
Matricaria discoidea,107446,24.1984211635324,0,75.8015788364676,24 : 0 : 76 %,R/CR
Medicago littoralis,107647,4.27256671474182,51.903339621168,43.8240936640902,4 : 52 : 44 %,SR
Medicago marina,107654,6.1665737468886,79.043331410227,14.7900948428844,6 : 79 : 15 %,S/SR
Medicago orbicularis,107677,8.49292179461159,36.2217991932215,55.2852790121669,8 : 36 : 55 %,SR
Medicago polyceratia,107688,5.25256326876645,68.9686879884058,25.7787487428277,5 : 69 : 26 %,S/SR
Medicago polymorpha,107689,17.0507622352409,27.8378504783027,55.1113872864564,17 : 28 : 55 %,R/CSR
Melampyrum arvense,107786,23.592272591712,18.8623719241024,57.5453554841856,24 : 19 : 58 %,R/CSR
Melica ciliata,107851,11.2256519227596,61.7453060126491,27.0290420645913,11 : 62 : 27 %,S/SR
Mentha longifolia,108103,28.6669277014379,33.1301433756898,38.2029289228723,29 : 33 : 38 %,CSR
Mentha suaveolens,108168,34.9492388918186,10.8623211313636,54.1884399768177,35 : 11 : 54 %,CR/CSR
Mercurialis tomentosa,108367,6.16912727773411,93.8308727222659,0,6 : 94 : 0 %,S
Milium effusum,108537,32.9991127653802,23.5476013689302,43.4532858656896,33 : 24 : 43 %,CR/CSR
Minuartia recurva,108612,0,78.5092227374288,21.4907772625712,0 : 79 : 21 %,S/SR
Moehringia muscosa,108686,0,13.6080366322309,86.3919633677691,0 : 14 : 86 %,R
Montia fontana,108785,3.26637413219092,0,96.7336258678091,3 : 0 : 97 %,R
Mutellina adonidifolia,610917,60.3533101920971,0,39.6466898079029,60 : 0 : 40 %,CR
Myagrum perfoliatum,108948,38.0778437256163,0,61.9221562743837,38 : 0 : 62 %,CR
Myosotis discolor,109019,9.04894900970509,0,90.9510509902949,9 : 0 : 91 %,R
Myosotis laxa,109042,16.3161696489113,0,83.6838303510887,16 : 0 : 84 %,R/CR
Myosotis sylvatica,109104,25.2399784435215,0,74.7600215564785,25 : 0 : 75 %,R/CR
Myriophyllum aquaticum,109141,9.87255480181532,0,90.1274451981847,10 : 0 : 90 %,R
Neotinea tridentata,162206,51.0523476057436,0,48.9476523942565,51 : 0 : 49 %,CR
Nepeta nuda,109534,30.4494186996151,35.1899721688074,34.3606091315774,30 : 35 : 34 %,CSR
Nicandra physalodes,109600,54.8219906723219,0,45.1780093276781,55 : 0 : 45 %,CR
Noccaea alpestris,109665,1.54440702777679,76.7740957865864,21.6814971856368,2 : 77 : 22 %,S/SR
Nuphar pumila,109735,72.5673526084645,0,27.4326473915355,73 : 0 : 27 %,C/CR
Nymphoides peltata,109769,61.3207896505747,0,38.6792103494253,61 : 0 : 39 %,CR
Odontites luteus,109838,2.38156451974063,45.4122353400275,52.2062001402319,2 : 45 : 52 %,SR
Oenanthe crocata,109864,57.0551893759144,0,42.9448106240856,57 : 0 : 43 %,CR
Olea europaea,110002,12.3746905032403,87.6253094967597,0,12 : 88 : 0 %,S
Ononis minutissima,110205,4.25024493533507,84.9537425683424,10.7960124963225,4 : 85 : 11 %,S
Ononis pusilla,110221,0,82.9131420838078,17.0868579161922,0 : 83 : 17 %,S/SR
Ononis striata,110237,0,66.0753881800637,33.9246118199364,0 : 66 : 34 %,S/SR
Ononis variegata,110239,5.31100562450296,0,94.6889943754971,5 : 0 : 95 %,R
Onosma arenaria,110290,26.816836389417,52.0408328727826,21.1423307378004,27 : 52 : 21 %,S/CSR
Ophioglossum vulgatum,110313,44.2280489371069,0,55.7719510628931,44 : 0 : 56 %,CR
Orchis mascula,110914,56.2532974579027,0,43.7467025420973,56 : 0 : 44 %,CR
Orchis militaris,110920,64.8518807883242,0,35.1481192116758,65 : 0 : 35 %,C/CR
Oreochloa disticha,111233,1.80643561345327,98.1935643865467,0,2 : 98 : 0 %,S
Orlaya platycarpos,111301,13.7336511938502,42.1918806883708,44.074468117779,14 : 42 : 44 %,SR/CSR
Ornithogalum umbellatum,111391,53.1892727637321,0,46.8107272362679,53 : 0 : 47 %,CR
Ornithopus perpusillus,111419,8.17653160657193,23.751002524391,68.0724658690371,8 : 24 : 68 %,R/SR
Oryza sativa,111793,37.415677877313,36.8275983710164,25.7567237516705,37 : 37 : 26 %,CSR
Oxalis corniculata,111876,23.1930153718896,2.98721080037046,73.81977382774,23 : 3 : 74 %,R/CR
Pancratium maritimum,112070,24.1198009051262,74.8044414044246,1.07575769044918,24 : 75 : 1 %,S/CS
Panicum virgatum,112259,23.3058516641935,61.4417827383523,15.2523655974543,23 : 61 : 15 %,S/CSR
Papaver rhoeas,112355,23.0301903988019,19.929227511333,57.0405820898651,23 : 20 : 57 %,R/CSR
Parietaria judaica,112410,34.6773708534704,10.4456735588715,54.8769555876581,35 : 10 : 55 %,CR
Paronychia arabica,112428,0,77.0486593887728,22.9513406112272,0 : 77 : 23 %,S/SR
Paronychia argentea,112429,0,55.7218474334051,44.2781525665949,0 : 56 : 44 %,SR
Paronychia capitata,112431,0,74.0882285952752,25.9117714047248,0 : 74 : 26 %,S/SR
Pedicularis gyroflexa,997256,21.7143276926272,62.5405151141638,15.745157193209,22 : 63 : 16 %,S/CSR
Pedicularis kerneri,112584,14.7815268729094,44.6657951045159,40.5526780225747,15 : 45 : 41 %,SR/CSR
Pedicularis pyrenaica,112591,4.74794317629381,42.5878222449935,52.6642345787127,5 : 43 : 53 %,SR
Pedicularis tuberosa,112602,24.0503851454293,52.5416731250091,23.4079417295616,24 : 53 : 23 %,S/CSR
Persicaria amphibia,112727,41.9905643078952,28.6163150761513,29.3931206159535,42 : 29 : 29 %,CSR
Petasites albus,112778,73.5724121649981,0,26.4275878350019,74 : 0 : 26 %,C/CR
Petasites hybridus,112783,87.2775236719803,4.7790655242824,7.94341080373726,87 : 5 : 8 %,C
Petrocallis pyrenaica,112803,0,98.3841779654995,1.61582203450054,0 : 98 : 2 %,S
Phagnalon saxatile,112935,0,100,0,0 : 100 : 0 %,S
Phegopteris connectilis,113079,45.9394791990453,6.0461723979111,48.0143484030436,46 : 6 : 48 %,CR
Philadelphus coronarius,113134,41.3262600727586,28.6256176443686,30.0481222828729,41 : 29 : 30 %,CSR
Phleum phleoides,113219,11.511742943613,65.5661266853992,22.9221303709878,12 : 66 : 23 %,S/SR
Phlomis lychnitis,113243,34.2092278534163,65.7907721465837,0,34 : 66 : 0 %,S/CS
Phyla nodiflora,113294,24.7989394012738,0,75.2010605987262,25 : 0 : 75 %,R/CR
Physostegia virginiana,1032086,27.4013253178003,72.5986746821997,0,27 : 73 : 0 %,S/CS
Phyteuma spicatum,113407,42.2431455624921,0,57.7568544375079,42 : 0 : 58 %,CR
Picris hieracioides,113474,41.6971908394102,7.16792200175226,51.1348871588375,42 : 7 : 51 %,CR
Pilosella officinarum,113525,32.7232154708302,43.3045700133912,23.9722145157786,33 : 43 : 24 %,CS/CSR
Pilularia globulifera,113547,0,0,100,0 : 0 : 100 %,R
Pinguicula alpina,113609,5.5870319266513,0,94.4129680733487,6 : 0 : 94 %,R
Pinguicula vulgaris,113639,10.8972722907522,0,89.1027277092478,11 : 0 : 89 %,R
Pinus brutia,162292,26.7889778849144,73.2110221150856,0,27 : 73 : 0 %,S/CS
Pinus pinaster,113689,18.6660558532933,81.3339441467067,0,19 : 81 : 0 %,S/CS
Pittosporum undulatum,113786,35.1086805511036,64.8913194488964,0,35 : 65 : 0 %,S/CS
Plantago arenaria,113809,22.2912067882576,0,77.7087932117424,22 : 0 : 78 %,R/CR
Plantago argentea,113810,34.603989424935,41.2247025872805,24.1713079877845,35 : 41 : 24 %,CS/CSR
Plantago major,113904,61.671704163324,7.99128323526398,30.337012601412,62 : 8 : 30 %,C/CR
Platanthera chlorantha,114012,51.28357681449,0,48.71642318551,51 : 0 : 49 %,CR
Platycladus orientalis,114037,11.9272510913353,88.0727489086647,0,12 : 88 : 0 %,S
Poa chaixii,114153,11.8150833375923,59.4316845653344,28.7532320970733,12 : 59 : 29 %,S/CSR
Poa trivialis,114416,24.5765189224081,36.4313531403505,38.9921279372414,25 : 36 : 39 %,SR/CSR
Polygala amarella,114526,5.23804644647985,26.882294942331,67.8796586111892,5 : 27 : 68 %,R/SR
Polygala serpyllifolia,114589,3.93198344513755,24.9923032220951,71.0757133327673,4 : 25 : 71 %,R/SR
Polygonatum multiflorum,114611,32.096744229042,0,67.903255770958,32 : 0 : 68 %,R/CR
Polygonum maritimum,114779,14.419605336757,73.8158458522719,11.7645488109711,14 : 74 : 12 %,S/CS
Polypodium vulgare,115016,34.8642912865681,53.3748399972729,11.7608687161591,35 : 53 : 12 %,CS/CSR
Polystichum lonchitis,115061,46.7111948758593,43.5328513439346,9.75595378020611,47 : 44 : 10 %,CS
Pontederia cordata,115096,70.1011585090952,12.4662024563566,17.4326390345482,70 : 12 : 17 %,C/CR
Populus alba,115110,36.2343127349979,57.4202634091748,6.34542385582725,36 : 57 : 6 %,CS
Populus tremula,115156,31.0602009698073,57.8891802288513,11.0506188013414,31 : 58 : 11 %,S/CSR
Potamogeton berchtoldii,115233,2.14259777469423,0,97.8574022253058,2 : 0 : 98 %,R
Potamogeton crispus,115245,17.4376622280213,2.68759427303105,79.8747434989477,17 : 3 : 80 %,R/CR
Potamogeton polygonifolius,115301,28.3357416029143,22.4541874922065,49.2100709048792,28 : 22 : 49 %,R/CSR
Potentilla aurea,115414,15.7555906534696,52.6158411430321,31.6285682034984,16 : 53 : 32 %,S/CSR
Potentilla caulescens,115431,28.6862605892543,34.4522603708067,36.861479039939,29 : 34 : 37 %,CSR
Potentilla intermedia,115530,22.2911931268683,48.6256763137482,29.0831305593836,22 : 49 : 29 %,S/CSR
Potentilla norvegica,115575,30.6987912790095,42.149291433631,27.1519172873595,31 : 42 : 27 %,CSR
Poterium sanguisorba,115789,20.8198027291775,56.8448810710599,22.3353161997626,21 : 57 : 22 %,S/CSR
Prospero autumnale,115975,20.31060351583,0,79.68939648417,20 : 0 : 80 %,R/CR
Prunella grandiflora,1030499,35.6949295321364,25.693527487598,38.6115429802656,36 : 26 : 39 %,CSR
Prunella laciniata,115998,5.88919603361133,48.7591616326034,45.3516423337853,6 : 49 : 45 %,SR
Prunus persica,116112,33.3023028550118,49.6460537894227,17.0516433555655,33 : 50 : 17 %,CS/CSR
Pseudorchis albida,116206,38.9554245902903,0,61.0445754097097,39 : 0 : 61 %,CR
Pulicaria dysenterica,116392,35.2188340357053,0,64.7811659642947,35 : 0 : 65 %,R/CR
Pulsatilla vulgaris,116460,50.5630850429926,44.8263863430743,4.61052861393313,51 : 45 : 5 %,CS
Pyrola media,116542,20.3599951383474,54.4875812655593,25.1524235960933,20 : 54 : 25 %,S/CSR
Pyrus spinosa,116610,13.7247542343251,85.9635199636151,0.311725802059876,14 : 86 : 0 %,S
Quercus coccifera,116672,29.7823227592599,70.2176772407401,0,30 : 70 : 0 %,S/CS
Quercus rubra,116762,56.6692748943457,31.5365671130593,11.7941579925951,57 : 32 : 12 %,C/CSR
Rabelera holostea,999933,18.0632091289032,1.00071275744846,80.9360781136484,18 : 1 : 81 %,R/CR
Ranunculus aconitifolius,116902,74.0355313450062,0,25.9644686549938,74 : 0 : 26 %,C/CR
Ranunculus breyninus,116948,37.3262537348699,28.7318564776578,33.9418897874723,37 : 29 : 34 %,CSR
Ranunculus flammula,117025,32.6020562089975,12.142636153508,55.2553076374945,33 : 12 : 55 %,R/CSR
Ranunculus fluitans,117027,34.0043852386349,0,65.9956147613651,34 : 0 : 66 %,R/CR
Ranunculus lateriflorus,117090,18.9919033265372,12.3753094650775,68.6327872083853,19 : 12 : 69 %,R/CR
Ranunculus platanifolius,117174,77.2036746904134,4.54077403865212,18.2555512709345,77 : 5 : 18 %,C/CR
Ranunculus sceleratus,117224,40.3488338053931,0,59.6511661946069,40 : 0 : 60 %,CR
Rapistrum rugosum,117393,27.47387376547,0,72.52612623453,27 : 0 : 73 %,R/CR
Reichardia picroides,117426,30.2290224429382,0,69.7709775570618,30 : 0 : 70 %,R/CR
Reseda lutea,117458,11.8948867211732,43.6669004921345,44.4382127866923,12 : 44 : 44 %,SR/CSR
Rhamnus alaternus,117526,21.1112375465835,78.8887624534165,0,21 : 79 : 0 %,S/CS
Rhaponticum centauroides,717862,13.1959410304497,76.716183689172,10.0878752803783,13 : 77 : 10 %,S/CS
Rhodiola rosea,117668,13.9440033937914,0,86.0559966062086,14 : 0 : 86 %,R
Ribes nigrum,117766,41.8213491477948,44.7773221707325,13.4013286814728,42 : 45 : 13 %,CS/CSR
Rorippa amphibia,117933,69.8926536522428,0,30.1073463477572,70 : 0 : 30 %,C/CR
Rorippa sylvestris,117951,38.3812354196021,0,61.6187645803979,38 : 0 : 62 %,CR
Rosa agrestis,117986,30.4978234250798,63.8207773892369,5.68139918568331,30 : 64 : 6 %,S/CS
Rosa multiflora,118353,34.5632596294717,35.1864607213365,30.2502796491918,35 : 35 : 30 %,CSR
Rosa pendulina,118397,24.6116106480593,49.1188274207898,26.2695619311509,25 : 49 : 26 %,S/CSR
Rostraria cristata,118872,2.01722297897862,67.1931867127211,30.7895903083003,2 : 67 : 31 %,S/SR
Rubus caesius,118993,39.726348985941,40.4310383460058,19.8426126680533,40 : 40 : 20 %,CS/CSR
Rubus saxatilis,119318,44.805819782871,26.7696169676589,28.4245632494701,45 : 27 : 28 %,C/CSR
Rumex longifolius,119525,77.4861200743945,0,22.5138799256056,77 : 0 : 23 %,C/CR
Ruppia maritima,119691,1.69518440280637,14.3033665224187,84.0014490747749,2 : 14 : 84 %,R
Ruta angustifolia,119707,45.7618716315149,54.2381283684851,0,46 : 54 : 0 %,CS
Sabulina tenuifolia,119753,0,64.5733366508598,35.4266633491402,0 : 65 : 35 %,S/SR
Sabulina verna,119754,0,81.4967534778237,18.5032465221763,0 : 81 : 19 %,S/SR
Sagina apetala,119780,0,50.0284769258784,49.9715230741216,0 : 50 : 50 %,SR
Sagina procumbens,119818,0,25.8159548350661,74.1840451649339,0 : 26 : 74 %,R/SR
Sagittaria graminea,119850,11.083569176662,82.8049117032199,6.11151912011814,11 : 83 : 6 %,S
Salix aurita,119952,21.2120102507946,70.0185080879222,8.76948166128322,21 : 70 : 9 %,S/CS
Salix myrsinifolia,120135,14.9289255651595,68.6118565378281,16.4592178970124,15 : 69 : 16 %,S/SR
Salvia verbenaca,120700,76.5598998123666,16.0534563857745,7.38664380185887,77 : 16 : 7 %,C/CS
Salvinia natans,120709,5.74687522591556,0,94.2531247740844,6 : 0 : 94 %,R
Sanguisorba officinalis,120758,40.7645117394222,45.6293135060558,13.6061747545219,41 : 46 : 14 %,CS/CSR
Santolina chamaecyparissus,120785,6.42941763825314,0,93.5705823617469,6 : 0 : 94 %,R
Satureja montana,120908,2.43820260250841,97.5617973974916,0,2 : 98 : 0 %,S
Saussurea alpina,120949,34.0220821794167,21.9921363622956,43.9857814582877,34 : 22 : 44 %,CR/CSR
Saxifraga androsacea,120973,0,92.3012299850922,7.69877001490776,0 : 92 : 8 %,S
Saxifraga cotyledon,121024,6.34926467200935,93.6507353279906,0,6 : 94 : 0 %,S
Saxifraga granulata,121065,26.4053542882061,0,73.5946457117939,26 : 0 : 74 %,R/CR
Saxifraga tridactylites,121201,0.255080110977078,93.2820408791049,6.46287900991799,0 : 93 : 6 %,S
Scandix stellata,121455,6.08010095941331,75.8716100493072,18.0482889912795,6 : 76 : 18 %,S/SR
Scleranthus annuus,121823,0,14.8793596919767,85.1206403080233,0 : 15 : 85 %,R
Scolymus hispanicus,121901,17.2651173201358,59.820689766361,22.9141929135032,17 : 60 : 23 %,S/CSR
Scrophularia canina,122003,35.2981763079692,0,64.7018236920308,35 : 0 : 65 %,R/CR
Secale cereale,122085,43.9507792067415,0,56.0492207932585,44 : 0 : 56 %,CR
Sedum alpestre,122107,0,92.7366637062145,7.26333629378549,0 : 93 : 7 %,S
Sedum rubens,122243,0,80.8567601535931,19.1432398464069,0 : 81 : 19 %,S/SR
Sedum sexangulare,122256,0,92.5738890679063,7.42611093209373,0 : 93 : 7 %,S
Selaginella selaginoides,122308,0,50.4021482042706,49.5978517957294,0 : 50 : 50 %,SR
Senecio doronicum,122593,16.020474910919,79.6395067786492,4.34001831043174,16 : 80 : 4 %,S/CS
Senecio leucanthemifolius,122650,28.5599213795881,0,71.440078620412,29 : 0 : 71 %,R/CR
Senecio ovatus,122675,55.9167480027745,0,44.0832519972255,56 : 0 : 44 %,CR
Senecio sylvaticus,122726,58.2858261226738,0,41.7141738773262,58 : 0 : 42 %,CR
Senecio vernalis,122740,46.8448571803593,0,53.1551428196407,47 : 0 : 53 %,CR
Serratula tinctoria,122971,59.5309461966288,14.4626443527656,26.0064094506056,60 : 14 : 26 %,C/CSR
Sesleria caerulea,123071,16.67754596643,57.7078949787997,25.6145590547703,17 : 58 : 26 %,S/CSR
Sesleria ovata,123082,1.29199624854973,78.600010500508,20.1079932509422,1 : 79 : 20 %,S/SR
Setaria faberi,123111,37.0066063642426,37.2662717220081,25.7271219137493,37 : 37 : 26 %,CSR
Setaria italica,123122,51.1601184162793,15.7756617118335,33.0642198718872,51 : 16 : 33 %,C/CSR
Setaria parviflora,123138,19.6311733160318,36.2518775227498,44.1169491612184,20 : 36 : 44 %,SR/CSR
Sideritis hirsuta,123249,17.0686893272829,63.348668500439,19.5826421722781,17 : 63 : 20 %,S/CSR
Silaum silaus,123367,48.3326949320784,34.3134261653461,17.3538789025755,48 : 34 : 17 %,CS/CSR
Silene colorata,123445,9.50073279070659,49.0107936516767,41.4884735576168,10 : 49 : 41 %,SR
Silene italica,123512,24.5421672951872,28.0721594747082,47.3856732301046,25 : 28 : 47 %,R/CSR
Sison amomum,123773,55.4271407299979,16.5338180653214,28.0390412046807,55 : 17 : 28 %,C/CSR
Sisymbrium officinale,123863,60.311236807695,0,39.688763192305,60 : 0 : 40 %,CR
Smyrnium olusatrum,124003,55.8522341681754,0,44.1477658318246,56 : 0 : 44 %,CR
Solanum dulcamara,124034,26.719736806758,10.617873594711,62.662389598531,27 : 11 : 63 %,R/CR
Solanum nigrum,124080,42.1637383338408,0,57.8362616661592,42 : 0 : 58 %,CR
Solidago virgaurea,124205,34.2895491788329,19.1016120623747,46.6088387587924,34 : 19 : 47 %,CR/CSR
Sonchus arvensis,124232,58.7502414893638,0,41.2497585106362,59 : 0 : 41 %,CR
Sonchus palustris,124264,58.9582192895174,8.6107628466858,32.4310178637968,59 : 9 : 32 %,C/CR
Sparganium angustifolium,124405,33.4743141132149,0,66.5256858867851,33 : 0 : 67 %,R/CR
Spergula morisonii,124517,0,95.9664567901402,4.03354320985983,0 : 96 : 4 %,S
Spergularia rubra,124578,0,0,100,0 : 0 : 100 %,R
Spiraea japonica,124646,23.1373244248921,42.2299121087999,34.6327634663081,23 : 42 : 35 %,SR/CSR
Stellaria alsine,124967,4.93963480506674,0,95.0603651949333,5 : 0 : 95 %,R
Stellaria palustris,125024,2.28908663180493,69.3696488520105,28.3412645161845,2 : 69 : 28 %,S/SR
Succisa pratensis,125295,58.3837499685528,10.24694439361,31.3693056378372,58 : 10 : 31 %,C/CSR
Symphyotrichum novae-angliae,125331,17.3945253955874,41.9778818344779,40.6275927699347,17 : 42 : 41 %,SR/CSR
Symphyotrichum novi-belgii,448412,39.1889149436845,28.9141517227559,31.8969333335595,39 : 29 : 32 %,CSR
Symphytum tuberosum,125364,46.6777837669455,0,53.3222162330546,47 : 0 : 53 %,CR
Tanacetum corymbosum,125460,60.9523692471557,7.89704020897305,31.1505905438712,61 : 8 : 31 %,C/CR
Teucrium flavum,125994,12.2249060181512,87.7750939818488,0,12 : 88 : 0 %,S
Thalictrum aquilegiifolium,126078,49.9207867606333,20.8699737019037,29.209239537463,50 : 21 : 29 %,C/CSR
Thesium pyrenaicum,126310,5.69483098234362,15.6018360101132,78.7033330075432,6 : 16 : 79 %,R/SR
Thymus vulgaris,126582,0,100,0,0 : 100 : 0 %,S
Tilia platyphyllos,126650,49.6769565498569,19.4954879137497,30.8275555363934,50 : 19 : 31 %,C/CSR
Tofieldia pusilla,126806,2.84308663796514,69.6960294270153,27.4608839350196,3 : 70 : 27 %,S/SR
Tolpis staticifolia,126821,35.4716195832974,0,64.5283804167026,35 : 0 : 65 %,R/CR
Toxicodendron radicans,126914,52.0422410242713,24.6063088007519,23.3514501749768,52 : 25 : 23 %,C/CSR
Trachycarpus fortunei,126933,77.9025856392772,22.0974143607228,0,78 : 22 : 0 %,C/CS
Tragopogon dubius,127005,27.5698843352347,34.3021649931648,38.1279506716005,28 : 34 : 38 %,CSR
Tragopogon pratensis,127029,38.4289770507777,18.755130141956,42.8158928072664,38 : 19 : 43 %,CR/CSR
Trifolium badium,127237,15.2037548003354,34.3220348583806,50.4742103412839,15 : 34 : 50 %,SR/CSR
Trifolium fragiferum,127314,11.8185380515303,41.4206723566951,46.7607895917746,12 : 41 : 47 %,SR/CSR
Trifolium hybridum,127337,47.5413170132922,22.7485567308238,29.7101262558839,48 : 23 : 30 %,C/CSR
Trifolium medium,127382,11.248902816723,72.3359004679869,16.4151967152901,11 : 72 : 16 %,S/SR
Trifolium montanum,127395,27.4205483969643,46.2028469858406,26.376604617195,27 : 46 : 26 %,S/CSR
Trifolium retusum,127458,5.5752774231504,74.1165767021121,20.3081458747375,6 : 74 : 20 %,S/SR
Triglochin palustris,127547,16.3393810139723,2.40258953369204,81.2580294523357,16 : 2 : 81 %,R/CR
Trinia glauca,127595,34.9484764313223,50.7390054440856,14.312518124592,35 : 51 : 14 %,CS/CSR
Tripleurospermum inodorum,127613,25.9479873595745,25.6852975928149,48.3667150476106,26 : 26 : 48 %,R/CSR
Tripleurospermum maritimum,127614,32.0500390549535,26.049561978216,41.9003989668305,32 : 26 : 42 %,CSR
Triticum aestivum,127692,39.5493752308896,24.921916491615,35.5287082774955,40 : 25 : 36 %,CR/CSR
Trollius europaeus,127872,60.4311500118521,15.8827372722793,23.6861127158686,60 : 16 : 24 %,C/CSR
Typha latifolia,128077,85.2828895333819,11.899858212203,2.81725225441514,85 : 12 : 3 %,C
Ulex parviflorus,128127,11.333997204843,63.88171475387,24.784288041287,11 : 64 : 25 %,S/SR
Ulmus laevis,128171,42.8566113397315,17.5662295931762,39.5771590670923,43 : 18 : 40 %,CR/CSR
Urospermum picroides,128256,28.3458147884317,0,71.6541852115683,28 : 0 : 72 %,R/CR
Valeriana tripteris,128445,36.0526759491308,0,63.9473240508692,36 : 0 : 64 %,R/CR
Vallisneria spiralis,128504,39.1798372327097,0,60.8201627672903,39 : 0 : 61 %,CR
Veratrum album,128520,76.5417511992495,6.14404703053116,17.3142017702193,77 : 6 : 17 %,C/CR
Verbascum lychnitis,128602,73.2082358679602,9.90854040658719,16.8832237254526,73 : 10 : 17 %,C/CR
Verbascum thapsus,128660,61.0680824753063,26.6709932864264,12.2609242382673,61 : 27 : 12 %,C/CSR
Veronica agrestis,128786,7.42175284220249,0,92.5782471577975,7 : 0 : 93 %,R
Veronica catenata,128829,21.1187118077206,0,78.8812881922794,21 : 0 : 79 %,R/CR
Veronica peregrina,128954,3.42179380077516,0,96.5782061992248,3 : 0 : 97 %,R
Veronica persica,128956,17.1338364430636,0,82.8661635569364,17 : 0 : 83 %,R/CR
Veronica triloba,1003758,5.87338552892271,0,94.1266144710773,6 : 0 : 94 %,R
Veronica triphyllos,129032,4.07430826877212,0,95.9256917312279,4 : 0 : 96 %,R
Viburnum opulus,129087,34.3396929854783,45.2371094940703,20.4231975204513,34 : 45 : 20 %,CS/CSR
Vicia angustifolia,129109,5.32708848134655,17.7341084961003,76.9388030225531,5 : 18 : 77 %,R/SR
Vicia cracca,129147,17.1252938382705,42.8047825096211,40.0699236521085,17 : 43 : 40 %,SR/CSR
Vicia narbonensis,129252,41.9780390692536,21.0594358261199,36.9625251046265,42 : 21 : 37 %,CR/CSR
Vicia pisiformis,129275,24.7760872701612,55.4955912695731,19.7283214602657,25 : 55 : 20 %,S/CSR
Vincetoxicum hirundinaria,129477,38.4955227063158,7.03437511558911,54.4701021780951,38 : 7 : 54 %,CR
Viola calcarata,129527,5.19062614025115,29.448600741764,65.3607731179849,5 : 29 : 65 %,R/SR
Viola hirta,129586,40.5702022322683,26.8417547100069,32.5880430577248,41 : 27 : 33 %,CSR
Viola lutea,129614,16.458184413385,12.1615156376353,71.3802999489796,16 : 12 : 71 %,R/CR
Viola riviniana,129669,22.9089340501837,24.710227211733,52.3808387380833,23 : 25 : 52 %,R/CSR
Vitis vulpina,129969,69.9423790673845,9.18890228414228,20.8687186484732,70 : 9 : 21 %,C/CR
Vulpia bromoides,129997,4.6902908525124,57.9827465217259,37.3269626257617,5 : 58 : 37 %,SR
Xeranthemum cylindraceum,130515,18.3367000468038,12.4177817813388,69.2455181718574,18 : 12 : 69 %,R/CR
Zea mays,130621,75.8265376681406,12.1402559345212,12.0332063973381,76 : 12 : 12 %,C/CS
Zygophyllum fabago,130691,6.77583802720545,93.2241619727946,0,7 : 93 : 0 %,S
